<?xml version="1.0"?>
<doc>
    <assembly>
        <name>Better517na.Internation.InterBillService.Helper</name>
    </assembly>
    <members>
        <member name="T:Better517na.Internation.InterBillService.Helper.InterBillHelper">
            <summary>
            国际票账单服务helper
            </summary>
        </member>
        <member name="F:Better517na.Internation.InterBillService.Helper.InterBillHelper.logBus">
            <summary>
            日志组件业务对象
            </summary>
        </member>
        <member name="M:Better517na.Internation.InterBillService.Helper.InterBillHelper.QueryOrderBillInfo(Better517na.Internation.InterBillService.Model.OrderBillInfoQueryArg)">
            <summary>
            查询接口，发起请求之前进行查询获取各方账号和金额
            </summary>
            <param name="arg">查询参数</param>
            <returns>查询结果</returns>
        </member>
        <member name="M:Better517na.Internation.InterBillService.Helper.InterBillHelper.QueryPayBillInfo(Better517na.Internation.InterBillService.Model.OrderBillInfoQueryArg)">
            <summary>
            查询支付和分润现金账信息
            </summary>
            <param name="arg">查询参数</param>
            <returns>查询结果</returns>
        </member>
        <member name="M:Better517na.Internation.InterBillService.Helper.InterBillHelper.OrderPayBillService(Better517na.Internation.InterBillService.Model.OrderPayServiceArg)">
            <summary>
            支付成功账单处理
            </summary>
            <param name="arg">支付成功账单处理参数</param>
            <returns>是否处理成功</returns>
        </member>
        <member name="M:Better517na.Internation.InterBillService.Helper.InterBillHelper.OrderRoyaltyBillService(Better517na.Internation.InterBillService.Model.OrderRoyaltyServiceArg)">
            <summary>
            分润账单处理
            </summary>
            <param name="arg">分润处理参数</param>
            <returns>分润处理是否成功</returns>
        </member>
        <member name="M:Better517na.Internation.InterBillService.Helper.InterBillHelper.OrderCancelBillService(Better517na.Internation.InterBillService.Model.OrderCancelServiceArg)">
            <summary>
            取消交易账单处理
            </summary>
            <param name="arg">取消交易账单处理入参</param>
            <returns>取消交易处理是否成功</returns>
        </member>
        <member name="M:Better517na.Internation.InterBillService.Helper.InterBillHelper.OrderRefundSuccBillService(Better517na.Internation.InterBillService.Model.OrderRefundSuccServiceArg)">
            <summary>
            退款成功账单处理
            </summary>
            <param name="arg">退款账单处理入参</param>
            <returns>退采购处理是否成功</returns>
        </member>
        <member name="M:Better517na.Internation.InterBillService.Helper.InterBillHelper.AuditReverseOrderBillService(Better517na.Internation.InterBillService.Model.OrderAuditServiceArgument)">
            <summary>
            退废票申请转供应商挂账处理（一审或者系统审）
            </summary>
            <param name="arg">处理参数</param>
            <returns>处理是否成功</returns>
        </member>
        <member name="M:Better517na.Internation.InterBillService.Helper.InterBillHelper.RefuseOrderReturnBillService(Better517na.Internation.InterBillService.Model.OrderRefuseReturnServiceArg)">
            <summary>
            拒绝退废票处理
            </summary>
            <param name="arg">处理参数</param>
            <returns>处理是否成功</returns>
        </member>
        <member name="M:Better517na.Internation.InterBillService.Helper.InterBillHelper.QueryDisplayBillInfo(Better517na.Internation.InterBillService.Model.QueryDisplayBillInfoArg)">
            <summary>
            查询账单信息，用于订单详细页面展示
            </summary>
            <param name="arg">订单编号</param>
            <returns>账单信息列表</returns>
        </member>
    </members>
</doc>
