<?xml version="1.0"?>
<doc>
    <assembly>
        <name>Better.Common.KeyIDGenerator</name>
    </assembly>
    <members>
        <member name="T:Better.Common.KeyIDGenerator.DatabaseDefinition">
            <summary>
            数据库定义
            </summary>
        </member>
        <member name="F:Better.Common.KeyIDGenerator.DatabaseDefinition.TicketReview">
            <summary>
            出票复核库(01)
            </summary>
        </member>
        <member name="F:Better.Common.KeyIDGenerator.DatabaseDefinition.KSeatBase">
            <summary>
            K位产品库(02)
            </summary>
        </member>
        <member name="F:Better.Common.KeyIDGenerator.DatabaseDefinition.ComptPricePolicy">
            <summary>
            政策独立库(03)
            </summary>
        </member>
        <member name="F:Better.Common.KeyIDGenerator.DatabaseDefinition.Policy">
            <summary>
            政策库(04)
            </summary>
        </member>
        <member name="F:Better.Common.KeyIDGenerator.DatabaseDefinition.PolicyNotifyDB">
            <summary>
            政策通知库(05)
            </summary>
        </member>
        <member name="F:Better.Common.KeyIDGenerator.DatabaseDefinition.AutoTicket">
            <summary>
            自动出票库(06)
            </summary>
        </member>
        <member name="F:Better.Common.KeyIDGenerator.DatabaseDefinition.FlightChange">
            <summary>
            航班变更数据库(07)
            </summary>
        </member>
        <member name="F:Better.Common.KeyIDGenerator.DatabaseDefinition.ChuPiao">
            <summary>
            出票库(08)
            </summary>
        </member>
        <member name="F:Better.Common.KeyIDGenerator.DatabaseDefinition.BSystemClearQ">
            <summary>
            B系统清Q库(09)
            </summary>
        </member>
        <member name="F:Better.Common.KeyIDGenerator.DatabaseDefinition.OpenTickets">
            <summary>
            OPEN票库(10)
            </summary>
        </member>
        <member name="F:Better.Common.KeyIDGenerator.DatabaseDefinition.PtdtRefundBase">
            <summary>
            代退基础库(11)
            </summary>
        </member>
        <member name="F:Better.Common.KeyIDGenerator.DatabaseDefinition.PtdtRefundBusi">
            <summary>
            代退业务库(12)
            </summary>
        </member>
        <member name="F:Better.Common.KeyIDGenerator.DatabaseDefinition.RefundBusiness">
            <summary>
            退废票业务库(13)
            </summary>
        </member>
        <member name="F:Better.Common.KeyIDGenerator.DatabaseDefinition.ChangeTicketReport">
            <summary>
            改签报表库(15)
            </summary>
        </member>
        <member name="F:Better.Common.KeyIDGenerator.DatabaseDefinition.TehuiPolicyManageDB">
            <summary>
            特惠政策库(16)
            </summary>
        </member>
        <member name="F:Better.Common.KeyIDGenerator.DatabaseDefinition.PosBusiness">
            <summary>
            POS机业务库(21)
            </summary>
        </member>
        <member name="F:Better.Common.KeyIDGenerator.DatabaseDefinition.CapitalDeal">
            <summary>
            资金交易库(22)
            </summary>
        </member>
        <member name="F:Better.Common.KeyIDGenerator.DatabaseDefinition.TradeAttachBusiness">
            <summary>
            平台交易附属业务库(23)
            </summary>
        </member>
        <member name="F:Better.Common.KeyIDGenerator.DatabaseDefinition.AccountBillBusiness">
            <summary>
            账务系统业务库(31)
            </summary>
        </member>
        <member name="F:Better.Common.KeyIDGenerator.DatabaseDefinition.AccountBillBalance">
            <summary>
            账务系统余额库(32)
            </summary>
        </member>
        <member name="F:Better.Common.KeyIDGenerator.DatabaseDefinition.AccountBillCore">
            <summary>
            账务系统核心库(33)
            </summary>
        </member>
        <member name="F:Better.Common.KeyIDGenerator.DatabaseDefinition.AccountBillReport">
            <summary>
            账务系统报表库(34)
            </summary>
        </member>
        <member name="F:Better.Common.KeyIDGenerator.DatabaseDefinition.AccountAttach">
            <summary>
            账务系统附属库(35)
            </summary>
        </member>
        <member name="F:Better.Common.KeyIDGenerator.DatabaseDefinition.AsyncPatchDB">
            <summary>
            补单数据库(36)
            </summary>
        </member>
        <member name="F:Better.Common.KeyIDGenerator.DatabaseDefinition.InsuranceBill">
            <summary>
            保险账务系统业务库(37)
            </summary>
        </member>
        <member name="F:Better.Common.KeyIDGenerator.DatabaseDefinition.CoordinationBusiness">
            <summary>
            协调业务库(41)
            </summary>
        </member>
        <member name="F:Better.Common.KeyIDGenerator.DatabaseDefinition.MessageManagement">
            <summary>
            短信平台库(42)
            </summary>
        </member>
        <member name="F:Better.Common.KeyIDGenerator.DatabaseDefinition.BusiGroup">
            <summary>
            业务分组分级库(43)
            </summary>
        </member>
        <member name="F:Better.Common.KeyIDGenerator.DatabaseDefinition.CSRWorkOrderFlow">
            <summary>
            客满线上业务系统库(44)
            </summary>
        </member>
        <member name="F:Better.Common.KeyIDGenerator.DatabaseDefinition.UserMail">
            <summary>
            用户邮件库(45)
            </summary>
        </member>
        <member name="F:Better.Common.KeyIDGenerator.DatabaseDefinition.UserMailLog">
            <summary>
            用户邮件日志库(46)
            </summary>
        </member>
        <member name="F:Better.Common.KeyIDGenerator.DatabaseDefinition.InsuranceOrder">
            <summary>
            保险订单库(47)
            </summary>
        </member>
        <member name="F:Better.Common.KeyIDGenerator.DatabaseDefinition.InsuranceInfo">
            <summary>
            保险库(48)
            </summary>
        </member>
        <member name="F:Better.Common.KeyIDGenerator.DatabaseDefinition.InsuranceLog">
            <summary>
            保险日志库(49)
            </summary>
        </member>
        <member name="F:Better.Common.KeyIDGenerator.DatabaseDefinition.GeneralLock">
            <summary>
            通用锁库(50)
            </summary>
        </member>
        <member name="F:Better.Common.KeyIDGenerator.DatabaseDefinition.PolicyGetDB">
            <summary>
            政策接收库(51)
            </summary>
        </member>
        <member name="F:Better.Common.KeyIDGenerator.DatabaseDefinition.B2BBusiness">
            <summary>
            B2B预定业务库(52)
            </summary>
        </member>
        <member name="F:Better.Common.KeyIDGenerator.DatabaseDefinition.AutoTicketOperateLog">
            <summary>
            自动出票操作日志库(53)
            </summary>
        </member>
        <member name="F:Better.Common.KeyIDGenerator.DatabaseDefinition.UserCenter">
            <summary>
            用户中心库(54)
            </summary>
        </member>
        <member name="F:Better.Common.KeyIDGenerator.DatabaseDefinition.OptimizePolicyDB">
            <summary>
            Qunar业务库(55)
            </summary>
        </member>
        <member name="F:Better.Common.KeyIDGenerator.DatabaseDefinition.OptimizeBusiDB">
            <summary>
            Qunar业务库(56)
            </summary>
        </member>
        <member name="F:Better.Common.KeyIDGenerator.DatabaseDefinition.NotifyCfg">
            <summary>
            通知配置库(57)
            </summary>
        </member>
        <member name="F:Better.Common.KeyIDGenerator.DatabaseDefinition.NoticePubDatabase">
            <summary>
            通知发布库(58)
            </summary>
        </member>
        <member name="F:Better.Common.KeyIDGenerator.DatabaseDefinition.NoticeSubDatabase">
            <summary>
            通知订阅库(59)
            </summary>
        </member>
        <member name="F:Better.Common.KeyIDGenerator.DatabaseDefinition.UserTipoffLog">
            <summary>
            举报账号检测日志库(60)
            </summary>
        </member>
        <member name="F:Better.Common.KeyIDGenerator.DatabaseDefinition.AVHCache">
            <summary>
            AVH缓存库(61)
            </summary>
        </member>
        <member name="F:Better.Common.KeyIDGenerator.DatabaseDefinition.OrderTransferStatistics">
            <summary>
            订单转化率统计库(62)
            </summary>
        </member>
        <member name="F:Better.Common.KeyIDGenerator.DatabaseDefinition.InterfaceMonitorYYYY">
            <summary>
            接口监控库(63)
            </summary>
        </member>
        <member name="F:Better.Common.KeyIDGenerator.DatabaseDefinition.InfrastructureData">
            <summary>
            基础设施库(64)
            </summary>
        </member>
        <member name="F:Better.Common.KeyIDGenerator.DatabaseDefinition.UserBase">
            <summary>
            用户基础库(65)
            </summary>
        </member>
        <member name="F:Better.Common.KeyIDGenerator.DatabaseDefinition.UserBase_MSSQL">
            <summary>
            用户基础库(66)
            </summary>
        </member>
        <member name="F:Better.Common.KeyIDGenerator.DatabaseDefinition.InterfaceStatistics">
            <summary>
            接口统计库(67)
            </summary>
        </member>
        <member name="F:Better.Common.KeyIDGenerator.DatabaseDefinition.MysqlReportDB">
            <summary>
            Mysql报表库(68)
            </summary>
        </member>
        <member name="F:Better.Common.KeyIDGenerator.DatabaseDefinition.UserAnalysisRule">
            <summary>
            用户行为分析规则库(69)
            </summary>
        </member>
        <member name="F:Better.Common.KeyIDGenerator.DatabaseDefinition.ChangeTicketBase">
            <summary>
            改签基础库(70)
            </summary>
        </member>
        <member name="F:Better.Common.KeyIDGenerator.DatabaseDefinition.BusinessMonitor">
            <summary>
            业务监控库(71)
            </summary>
        </member>
        <member name="F:Better.Common.KeyIDGenerator.DatabaseDefinition.NotifyServiceDB">
            <summary>
            通知服务库(72)
            </summary>
        </member>
        <member name="F:Better.Common.KeyIDGenerator.DatabaseDefinition.InternalServiceMonitor">
            <summary>
            内部服务监控库(73)
            </summary>
        </member>
        <member name="F:Better.Common.KeyIDGenerator.DatabaseDefinition.OrderAutoLog">
            <summary>
            订单自动处理日志库(74)
            </summary>
        </member>
        <member name="F:Better.Common.KeyIDGenerator.DatabaseDefinition.PassengerDB">
            <summary>
            乘客库(平台)(75)
            </summary>
        </member>
        <member name="F:Better.Common.KeyIDGenerator.DatabaseDefinition.Passenger">
            <summary>
            乘客库(下级)(76)
            </summary>
        </member>
        <member name="F:Better.Common.KeyIDGenerator.DatabaseDefinition.CorporateCustomer">
            <summary>
            企业客户库(77)
            </summary>
        </member>
        <member name="F:Better.Common.KeyIDGenerator.DatabaseDefinition.FileRelease">
            <summary>
            文件发布库(78)
            </summary>
        </member>
        <member name="F:Better.Common.KeyIDGenerator.DatabaseDefinition.BusinessBase_MSSQL">
            <summary>
            业务基础库(81)
            </summary>
        </member>
        <member name="F:Better.Common.KeyIDGenerator.DatabaseDefinition.BusinessBase_MySQL">
            <summary>
            业务基础库(82)
            </summary>
        </member>
        <member name="F:Better.Common.KeyIDGenerator.DatabaseDefinition.PtResources">
            <summary>
            平台资源库(83)
            </summary>
        </member>
        <member name="F:Better.Common.KeyIDGenerator.DatabaseDefinition.InstructionCache">
            <summary>
            指令缓存库(84)
            </summary>
        </member>
        <member name="F:Better.Common.KeyIDGenerator.DatabaseDefinition.Freight">
            <summary>
            价格监控库(85)
            </summary>
        </member>
        <member name="F:Better.Common.KeyIDGenerator.DatabaseDefinition.RouteDB">
            <summary>
            数据路由库(86)
            </summary>
        </member>
        <member name="F:Better.Common.KeyIDGenerator.DatabaseDefinition.LogconfigInfo">
            <summary>
            日志配置库(87)
            </summary>
        </member>
        <member name="F:Better.Common.KeyIDGenerator.DatabaseDefinition.PlatformCache">
            <summary>
            平台缓存库(88)
            </summary>
        </member>
        <member name="F:Better.Common.KeyIDGenerator.DatabaseDefinition.ServiceRouteDB">
            <summary>
            服务路由库(89)
            </summary>
        </member>
        <member name="F:Better.Common.KeyIDGenerator.DatabaseDefinition.ServiceRouteAnaDB">
            <summary>
            服务路由分析库(90)
            </summary>
        </member>
        <member name="F:Better.Common.KeyIDGenerator.DatabaseDefinition.BusinessReport">
            <summary>
            业务报表库(91)
            </summary>
        </member>
        <member name="F:Better.Common.KeyIDGenerator.DatabaseDefinition.AutoPublish">
            <summary>
            自动发布业务库(92)
            </summary>
        </member>
        <member name="F:Better.Common.KeyIDGenerator.DatabaseDefinition.InternalDomainDB">
            <summary>
            内部域系统库(93)
            </summary>
        </member>
        <member name="F:Better.Common.KeyIDGenerator.DatabaseDefinition.LifeCycleLog">
            <summary>
            邮件记录库(94)
            </summary>
        </member>
        <member name="F:Better.Common.KeyIDGenerator.DatabaseDefinition.LifeCycleDB">
            <summary>
            产品周期库(95)
            </summary>
        </member>
        <member name="F:Better.Common.KeyIDGenerator.DatabaseDefinition.AutoPublishPlatform">
            <summary>
            自动部署系统(96)
            </summary>
        </member>
        <member name="F:Better.Common.KeyIDGenerator.DatabaseDefinition.TelManageDB">
            <summary>
            电话系统库(97)
            </summary>
        </member>
        <member name="F:Better.Common.KeyIDGenerator.DatabaseDefinition.PolicyNotifyTehuiDB">
            <summary>
            政策通知库(98)
            </summary>
        </member>
        <member name="F:Better.Common.KeyIDGenerator.DatabaseDefinition.UserGradeSystem">
            <summary>
            用户评分库(99)
            </summary>
        </member>
        <member name="T:Better.Common.KeyIDGenerator.TableDefinition">
            <summary>
            数据表定义
            </summary>
        </member>
        <member name="F:Better.Common.KeyIDGenerator.TableDefinition.TicketReview_TicketAutoReviewing">
            <summary>
            出票复核库.自动待复核队列表(0101)
            </summary>
        </member>
        <member name="F:Better.Common.KeyIDGenerator.TableDefinition.TicketReview_PTReviewMonitorYYYYMM">
            <summary>
            出票复核库.平台复核监控表(0102)
            </summary>
        </member>
        <member name="F:Better.Common.KeyIDGenerator.TableDefinition.TicketReview_AutoReviewFailReasonYYYYMM">
            <summary>
            出票复核库.自动复核失败理由记录表(0103)
            </summary>
        </member>
        <member name="F:Better.Common.KeyIDGenerator.TableDefinition.TicketReview_BackfillReviewYYYYMM">
            <summary>
            出票复核库.接口票号复核检查表(0104)
            </summary>
        </member>
        <member name="F:Better.Common.KeyIDGenerator.TableDefinition.TicketReview_InterTicketAutoRevieYYYYMM">
            <summary>
            出票复核库.接口用户自动出票处理订单对照表(0105)
            </summary>
        </member>
        <member name="F:Better.Common.KeyIDGenerator.TableDefinition.KSeatBase_KOrderInfoYYYYMM">
            <summary>
            K位产品库.K位订单表(0201)
            </summary>
        </member>
        <member name="F:Better.Common.KeyIDGenerator.TableDefinition.KSeatBase_KSeatSetting">
            <summary>
            K位产品库.K位设置表(0202)
            </summary>
        </member>
        <member name="F:Better.Common.KeyIDGenerator.TableDefinition.KSeatBase_KEmConfig">
            <summary>
            K位产品库.K位配置表(0203)
            </summary>
        </member>
        <member name="F:Better.Common.KeyIDGenerator.TableDefinition.ComptPricePolicy_FromCityCacheTime">
            <summary>
            政策独立库.出发城市缓存时间表(0301)
            </summary>
        </member>
        <member name="F:Better.Common.KeyIDGenerator.TableDefinition.ComptPricePolicy_PolicyRelevance">
            <summary>
            政策独立库.政策关联表(0302)
            </summary>
        </member>
        <member name="F:Better.Common.KeyIDGenerator.TableDefinition.ComptPricePolicy_CoordinateLimitDept">
            <summary>
            政策独立库.协调限制部门(0303)
            </summary>
        </member>
        <member name="F:Better.Common.KeyIDGenerator.TableDefinition.ComptPricePolicy_CoordinateLimitCityDetail">
            <summary>
            政策独立库.协调限制城市明细(0304)
            </summary>
        </member>
        <member name="F:Better.Common.KeyIDGenerator.TableDefinition.Policy_PolicySettings">
            <summary>
            政策库.政策设置扩展表(0401)
            </summary>
        </member>
        <member name="F:Better.Common.KeyIDGenerator.TableDefinition.PolicyNotifyDB_PolicyScanTime">
            <summary>
            政策通知库.扫描时间记录表(0501)
            </summary>
        </member>
        <member name="F:Better.Common.KeyIDGenerator.TableDefinition.PolicyNotifyDB_SupplierWorkTimeModifyInfo">
            <summary>
            政策通知库.供应商上下班时间修改信息表(0502)
            </summary>
        </member>
        <member name="F:Better.Common.KeyIDGenerator.TableDefinition.PolicyNotifyDB_PolicyNotifyInfo12580YYYYMMDD">
            <summary>
            政策通知库.政策修改中间表(0503)
            </summary>
        </member>
        <member name="F:Better.Common.KeyIDGenerator.TableDefinition.PolicyNotifyDB_NotifyFailInfo12580YYYYMMDD">
            <summary>
            政策通知库.政策通知失败中间表(0504)
            </summary>
        </member>
        <member name="F:Better.Common.KeyIDGenerator.TableDefinition.PolicyNotifyDB_NotifyDetailYYYYMMDD">
            <summary>
            政策通知库.通知明细表(0505)
            </summary>
        </member>
        <member name="F:Better.Common.KeyIDGenerator.TableDefinition.PolicyNotifyDB_NotifyUsers">
            <summary>
            政策通知库.通知客户记录表(0506)
            </summary>
        </member>
        <member name="F:Better.Common.KeyIDGenerator.TableDefinition.PolicyNotifyDB_DeductSetting">
            <summary>
            政策通知库.扣点设置表(0507)
            </summary>
        </member>
        <member name="F:Better.Common.KeyIDGenerator.TableDefinition.PolicyNotifyDB_SubsidySetting">
            <summary>
            政策通知库.贴点设置表(0508)
            </summary>
        </member>
        <member name="F:Better.Common.KeyIDGenerator.TableDefinition.AutoTicket_PayAccountSettings">
            <summary>
            自动出票库.支付账号设置表(0601)
            </summary>
        </member>
        <member name="F:Better.Common.KeyIDGenerator.TableDefinition.AutoTicket_B2BSettings">
            <summary>
            自动出票库.B2B账号设置表(0602)
            </summary>
        </member>
        <member name="F:Better.Common.KeyIDGenerator.TableDefinition.AutoTicket_B2BPayAccountSettings">
            <summary>
            自动出票库.B2B支付账号设置表(0603)
            </summary>
        </member>
        <member name="F:Better.Common.KeyIDGenerator.TableDefinition.AutoTicket_NotifyAddressSettings">
            <summary>
            自动出票库.通知地址设置表(0604)
            </summary>
        </member>
        <member name="F:Better.Common.KeyIDGenerator.TableDefinition.AutoTicket_AutoTicketRule">
            <summary>
            自动出票库.自动出票规则表(0605)
            </summary>
        </member>
        <member name="F:Better.Common.KeyIDGenerator.TableDefinition.AutoTicket_AutoTicketReDepartInfo">
            <summary>
            自动出票库.自动出票明细部门权限信息表(0606)
            </summary>
        </member>
        <member name="F:Better.Common.KeyIDGenerator.TableDefinition.FlightChange_FlightChangeDetailInfo">
            <summary>
            航班变更数据库.航班变更明细表(0701)
            </summary>
        </member>
        <member name="F:Better.Common.KeyIDGenerator.TableDefinition.FlightChange_FlightChangeInfo">
            <summary>
            航班变更数据库.已知航班变更表(0702)
            </summary>
        </member>
        <member name="F:Better.Common.KeyIDGenerator.TableDefinition.FlightChange_PositionChangeInfo">
            <summary>
            航班变更数据库.已知舱位变更表(0703)
            </summary>
        </member>
        <member name="F:Better.Common.KeyIDGenerator.TableDefinition.FlightChange_FlightTextMessage">
            <summary>
            航班变更数据库.航变短信存储表(0704)
            </summary>
        </member>
        <member name="F:Better.Common.KeyIDGenerator.TableDefinition.FlightChange_FlightChangeInput">
            <summary>
            航班变更数据库.航变录入信息表(0705)
            </summary>
        </member>
        <member name="F:Better.Common.KeyIDGenerator.TableDefinition.ChuPiao_ChangeSupplierYYYY">
            <summary>
            出票库.暂不能自动更换供应商记录表(0801)
            </summary>
        </member>
        <member name="F:Better.Common.KeyIDGenerator.TableDefinition.BSystemClearQ_InvalidOffice">
            <summary>
            B系统清Q库.清q失效配置表(0901)
            </summary>
        </member>
        <member name="F:Better.Common.KeyIDGenerator.TableDefinition.BSystemClearQ_InvalidOfficePnr">
            <summary>
            B系统清Q库.失效配置的编码表(0902)
            </summary>
        </member>
        <member name="F:Better.Common.KeyIDGenerator.TableDefinition.OpenTickets_OpenTicketDetailYYYYMM">
            <summary>
            OPEN票库.Open票信息表(1001)
            </summary>
        </member>
        <member name="F:Better.Common.KeyIDGenerator.TableDefinition.OpenTickets_SubmitTaskInfo">
            <summary>
            OPEN票库.提交任务表(1002)
            </summary>
        </member>
        <member name="F:Better.Common.KeyIDGenerator.TableDefinition.OpenTickets_ExtractTaskInfo">
            <summary>
            OPEN票库.Open票提取任务表(1003)
            </summary>
        </member>
        <member name="F:Better.Common.KeyIDGenerator.TableDefinition.OpenTickets_SubmitTaskReason">
            <summary>
            OPEN票库.提交任务退票理由关联表(1004)
            </summary>
        </member>
        <member name="F:Better.Common.KeyIDGenerator.TableDefinition.PtdtRefundBase_PtdtGroup">
            <summary>
            代退基础库.代退组定义表(1101)
            </summary>
        </member>
        <member name="F:Better.Common.KeyIDGenerator.TableDefinition.PtdtRefundBase_PtdtGroupSupplier">
            <summary>
            代退基础库.代退组与供应关系表(1102)
            </summary>
        </member>
        <member name="F:Better.Common.KeyIDGenerator.TableDefinition.PtdtRefundBase_PtdtGroupDept">
            <summary>
            代退基础库.代退组与采购关系表(1103)
            </summary>
        </member>
        <member name="F:Better.Common.KeyIDGenerator.TableDefinition.PtdtRefundBase_PtdtGroupExtra">
            <summary>
            代退基础库.代退组内部相关参数设置表(1104)
            </summary>
        </member>
        <member name="F:Better.Common.KeyIDGenerator.TableDefinition.PtdtRefundBase_PtdtGroupReason">
            <summary>
            代退基础库.代退组理由关联表(1105)
            </summary>
        </member>
        <member name="F:Better.Common.KeyIDGenerator.TableDefinition.PtdtRefundBase_PtdtGroupCarrier">
            <summary>
            代退基础库.代退组承运人舱位信息表(1106)
            </summary>
        </member>
        <member name="F:Better.Common.KeyIDGenerator.TableDefinition.PtdtRefundBase_PtdtGroupOrderStatus">
            <summary>
            代退基础库.代退组订单状态关联表(1107)
            </summary>
        </member>
        <member name="F:Better.Common.KeyIDGenerator.TableDefinition.PtdtRefundBase_PtdtEMConfig">
            <summary>
            代退基础库.代退组配置信息表(1108)
            </summary>
        </member>
        <member name="F:Better.Common.KeyIDGenerator.TableDefinition.PtdtRefundBusi_PtdtOrderYYYYMM">
            <summary>
            代退业务库.代退订单表(1201)
            </summary>
        </member>
        <member name="F:Better.Common.KeyIDGenerator.TableDefinition.PtdtRefundBusi_PtdtBillYYYYMM">
            <summary>
            代退业务库.代退账单表(1202)
            </summary>
        </member>
        <member name="F:Better.Common.KeyIDGenerator.TableDefinition.PtdtRefundBusi_BackTicketStatus">
            <summary>
            代退业务库.客票状态表(1203)
            </summary>
        </member>
        <member name="F:Better.Common.KeyIDGenerator.TableDefinition.PtdtRefundBusi_LiveAccountBillYYYYMM">
            <summary>
            代退业务库.流水账记录表(1204)
            </summary>
        </member>
        <member name="F:Better.Common.KeyIDGenerator.TableDefinition.PtdtRefundBusi_RiskMoneyParallelism">
            <summary>
            代退业务库.风险金对应表(1205)
            </summary>
        </member>
        <member name="F:Better.Common.KeyIDGenerator.TableDefinition.PtdtRefundBusi_ReturnPurchaserLock">
            <summary>
            代退业务库.退采购锁定表(1206)
            </summary>
        </member>
        <member name="F:Better.Common.KeyIDGenerator.TableDefinition.PtdtRefundBusi_PtdtOrderMoneyReportYYYYMM">
            <summary>
            代退业务库.平台代退订单资金流报表(1207)
            </summary>
        </member>
        <member name="F:Better.Common.KeyIDGenerator.TableDefinition.PtdtRefundBusi_PtdtRefundMoneyDetailYYYYMM">
            <summary>
            代退业务库.平台代退资金明细表(1208)
            </summary>
        </member>
        <member name="F:Better.Common.KeyIDGenerator.TableDefinition.PtdtRefundBusi_VirtualMoneyFlowsReportYYYYMM">
            <summary>
            代退业务库.虚拟资金流向报表(1209)
            </summary>
        </member>
        <member name="F:Better.Common.KeyIDGenerator.TableDefinition.RefundBusiness_ReturnLimitUser">
            <summary>
            退废票业务库.限制退废票用户信息表(1301)
            </summary>
        </member>
        <member name="F:Better.Common.KeyIDGenerator.TableDefinition.RefundBusiness_SuppleRefundUseBatchNoYYYYMM">
            <summary>
            退废票业务库.补差退款批次号记录(1302)
            </summary>
        </member>
        <member name="F:Better.Common.KeyIDGenerator.TableDefinition.RefundBusiness_SuppleRefundOrderLogYYYYMM">
            <summary>
            退废票业务库.当日进行补差退款订单(1303)
            </summary>
        </member>
        <member name="F:Better.Common.KeyIDGenerator.TableDefinition.RefundBusiness_SecondTrialProcessYYYYMM">
            <summary>
            退废票业务库.二审自动处理表(1304)
            </summary>
        </member>
        <member name="F:Better.Common.KeyIDGenerator.TableDefinition.RefundBusiness_UNDelayStandard">
            <summary>
            退废票业务库.航变延误标准(1305)
            </summary>
        </member>
        <member name="F:Better.Common.KeyIDGenerator.TableDefinition.RefundBusiness_TicketRules">
            <summary>
            退废票业务库.航变延误标准(1306)
            </summary>
        </member>
        <member name="F:Better.Common.KeyIDGenerator.TableDefinition.RefundBusiness_TicketRuleRate">
            <summary>
            退废票业务库.航变延误标准(1307)
            </summary>
        </member>
        <member name="F:Better.Common.KeyIDGenerator.TableDefinition.ChangeTicketReport_BookVoyageMonitorYYYYMM">
            <summary>
            改签报表库.预定新航段监控表(1501)
            </summary>
        </member>
        <member name="F:Better.Common.KeyIDGenerator.TableDefinition.TehuiPolicyManageDB_TehuiPolicySynchronizeRecord">
            <summary>
            特惠政策库.特惠政策同步记录(1601)
            </summary>
        </member>
        <member name="F:Better.Common.KeyIDGenerator.TableDefinition.TehuiPolicyManageDB_TehuiPolicyRelation">
            <summary>
            特惠政策库.特惠政策关联表(1602)
            </summary>
        </member>
        <member name="F:Better.Common.KeyIDGenerator.TableDefinition.PosBusiness_PosOwnerInfo">
            <summary>
            POS机业务库.POS归属表(2101)
            </summary>
        </member>
        <member name="F:Better.Common.KeyIDGenerator.TableDefinition.PosBusiness_PosRateInfo">
            <summary>
            POS机业务库.POS使用及费率表(2102)
            </summary>
        </member>
        <member name="F:Better.Common.KeyIDGenerator.TableDefinition.PosBusiness_PosMessageInfoYYYYMM">
            <summary>
            POS机业务库.POS机交易报文表(2103)
            </summary>
        </member>
        <member name="F:Better.Common.KeyIDGenerator.TableDefinition.PosBusiness_PosScanOrder">
            <summary>
            POS机业务库.POS自动充值扫描表(2104)
            </summary>
        </member>
        <member name="F:Better.Common.KeyIDGenerator.TableDefinition.PosBusiness_PosOrderYYYYMM">
            <summary>
            POS机业务库.POS机充值订单(2105)
            </summary>
        </member>
        <member name="F:Better.Common.KeyIDGenerator.TableDefinition.PosBusiness_PosLiveAccountBillYYYYMM">
            <summary>
            POS机业务库.POS机充值流水账(2106)
            </summary>
        </member>
        <member name="F:Better.Common.KeyIDGenerator.TableDefinition.PosBusiness_PosBillYYYYMM">
            <summary>
            POS机业务库.POS机充值账单(2107)
            </summary>
        </member>
        <member name="F:Better.Common.KeyIDGenerator.TableDefinition.PosBusiness_PosUnityLoginInfo">
            <summary>
            POS机业务库.POS统一登陆信息(2108)
            </summary>
        </member>
        <member name="F:Better.Common.KeyIDGenerator.TableDefinition.CapitalDeal_PIDParallelismYYYY">
            <summary>
            资金交易库.PID使用对应表(2201)
            </summary>
        </member>
        <member name="F:Better.Common.KeyIDGenerator.TableDefinition.CapitalDeal_AbnormalDepositRefund">
            <summary>
            资金交易库.预存款退款异常表(2202)
            </summary>
        </member>
        <member name="F:Better.Common.KeyIDGenerator.TableDefinition.CapitalDeal_SpecialAppointPID">
            <summary>
            资金交易库.拦截PID使用方式，切换时用(2203)
            </summary>
        </member>
        <member name="F:Better.Common.KeyIDGenerator.TableDefinition.TradeAttachBusiness_OrderBatchNoListYYYYMM">
            <summary>
            平台交易附属业务库.订单流水映射表，按照流水号时间按月分表(2301)
            </summary>
        </member>
        <member name="F:Better.Common.KeyIDGenerator.TableDefinition.AccountBillBusiness_AccountBill">
            <summary>
            账务系统业务库.交易流水账(3101)
            </summary>
        </member>
        <member name="F:Better.Common.KeyIDGenerator.TableDefinition.AccountBillBusiness_AccountOrderBill">
            <summary>
            账务系统业务库.订单交易流水账(3102)
            </summary>
        </member>
        <member name="F:Better.Common.KeyIDGenerator.TableDefinition.AccountBillBusiness_OrderBillRela">
            <summary>
            账务系统业务库.订单账单关联表(3103)
            </summary>
        </member>
        <member name="F:Better.Common.KeyIDGenerator.TableDefinition.AccountBillBalance_RoleBalance">
            <summary>
            账务系统余额库.角色科目余额(3201)
            </summary>
        </member>
        <member name="F:Better.Common.KeyIDGenerator.TableDefinition.AccountBillBalance_RoleBalanceBack">
            <summary>
            账务系统余额库.角色科目余额每日结余表(3202)
            </summary>
        </member>
        <member name="F:Better.Common.KeyIDGenerator.TableDefinition.AccountBillCore_VirtualAccount">
            <summary>
            账务系统核心库.虚拟账户信息表(3301)
            </summary>
        </member>
        <member name="F:Better.Common.KeyIDGenerator.TableDefinition.AccountBillCore_FailBillInfo">
            <summary>
            账务系统核心库.账单记录失败信息表(3302)
            </summary>
        </member>
        <member name="F:Better.Common.KeyIDGenerator.TableDefinition.AccountBillCore_VirtualAccountFillRecord">
            <summary>
            账务系统核心库.虚拟预存充值记录表(3303)
            </summary>
        </member>
        <member name="F:Better.Common.KeyIDGenerator.TableDefinition.AccountBillCore_OrderCompareFailInfo">
            <summary>
            账务系统核心库.订单比对失败表(3304)
            </summary>
        </member>
        <member name="F:Better.Common.KeyIDGenerator.TableDefinition.AccountBillCore_RoleBalanceCaution">
            <summary>
            新账务系统核心库.余额告警表(3305)
            </summary>
        </member>
        <member name="F:Better.Common.KeyIDGenerator.TableDefinition.AccountBillReport_VirtualCollect">
            <summary>
            账务系统报表库.虚拟资金每日汇总表(3401)
            </summary>
        </member>
        <member name="F:Better.Common.KeyIDGenerator.TableDefinition.AccountAttach_CompareSourceInfo">
            <summary>
            账务系统附属库.比对源信息表(3501)
            </summary>
        </member>
        <member name="F:Better.Common.KeyIDGenerator.TableDefinition.AccountAttach_CompareFileInfo">
            <summary>
            账务系统附属库.比对文件设置表(3502)
            </summary>
        </member>
        <member name="F:Better.Common.KeyIDGenerator.TableDefinition.AccountAttach_CompareRuleInfo">
            <summary>
            账务系统附属库.比对规则设置表(3503)
            </summary>
        </member>
        <member name="F:Better.Common.KeyIDGenerator.TableDefinition.AsyncPatchDB_AsyncPatchInfo">
            <summary>
            补单数据库.补单记录表(3601)
            </summary>
        </member>
        <member name="F:Better.Common.KeyIDGenerator.TableDefinition.InsuranceBill_OrderBillRelaYYYYMM">
            <summary>
            保险账务系统业务库.保险订单账单关联表(3701)
            </summary>
        </member>
        <member name="F:Better.Common.KeyIDGenerator.TableDefinition.InsuranceBill_AccountOrderBillYYYYMM">
            <summary>
            保险账务系统业务库.保险流水账表(3702)
            </summary>
        </member>
        <member name="F:Better.Common.KeyIDGenerator.TableDefinition.CoordinationBusiness_CoordinationType">
            <summary>
            协调业务库.协调类型(4101)
            </summary>
        </member>
        <member name="F:Better.Common.KeyIDGenerator.TableDefinition.CoordinationBusiness_GroupandLevleLimit">
            <summary>
            协调业务库.分组分级权限(4102)
            </summary>
        </member>
        <member name="F:Better.Common.KeyIDGenerator.TableDefinition.CoordinationBusiness_WorkerLevel">
            <summary>
            协调业务库.员工职级(4103)
            </summary>
        </member>
        <member name="F:Better.Common.KeyIDGenerator.TableDefinition.CoordinationBusiness_CoordinationInfoYYYY">
            <summary>
            协调业务库.协调信息表（按年分表）(4104)
            </summary>
        </member>
        <member name="F:Better.Common.KeyIDGenerator.TableDefinition.CoordinationBusiness_OperateLog">
            <summary>
            协调业务库.操作日志表(4105)
            </summary>
        </member>
        <member name="F:Better.Common.KeyIDGenerator.TableDefinition.MessageManagement_SMTemplate">
            <summary>
            短信平台库.短信模板表 (4201)
            </summary>
        </member>
        <member name="F:Better.Common.KeyIDGenerator.TableDefinition.MessageManagement_SMSendRecordYYYYMM">
            <summary>
            短信平台库.短信发送记录表(4202)
            </summary>
        </member>
        <member name="F:Better.Common.KeyIDGenerator.TableDefinition.BusiGroup_DeptInfrastructure">
            <summary>
            业务分组分级库.部门架构(4301)
            </summary>
        </member>
        <member name="F:Better.Common.KeyIDGenerator.TableDefinition.BusiGroup_BusiInfrastructure">
            <summary>
            业务分组分级库.业务架构(4302)
            </summary>
        </member>
        <member name="F:Better.Common.KeyIDGenerator.TableDefinition.BusiGroup_StaffMapping">
            <summary>
            业务分组分级库.员工分配(4303)
            </summary>
        </member>
        <member name="F:Better.Common.KeyIDGenerator.TableDefinition.BusiGroup_BusiMapping">
            <summary>
            业务分组分级库.业务分配(4304)
            </summary>
        </member>
        <member name="F:Better.Common.KeyIDGenerator.TableDefinition.BusiGroup_GroupBusiRange">
            <summary>
            业务分组分级库.组别业务范围(4305)
            </summary>
        </member>
        <member name="F:Better.Common.KeyIDGenerator.TableDefinition.BusiGroup_DeptAccessLimit">
            <summary>
            业务分组分级库.部门节点访问限制(4306)
            </summary>
        </member>
        <member name="F:Better.Common.KeyIDGenerator.TableDefinition.BusiGroup_BusiExtend">
            <summary>
            业务分组分级库.业务分类参数扩展表(4307)
            </summary>
        </member>
        <member name="F:Better.Common.KeyIDGenerator.TableDefinition.CSRWorkOrderFlow_WorkOrderYYYYMM">
            <summary>
            客满线上业务系统库.工单表(4401)
            </summary>
        </member>
        <member name="F:Better.Common.KeyIDGenerator.TableDefinition.CSRWorkOrderFlow_WorkOrderExtendYYYYMM">
            <summary>
            客满线上业务系统库.工单扩展表(4402)
            </summary>
        </member>
        <member name="F:Better.Common.KeyIDGenerator.TableDefinition.CSRWorkOrderFlow_WorkOrderProcessDetailYYYYMM">
            <summary>
            客满线上业务系统库.工单处理记录表(4403)
            </summary>
        </member>
        <member name="F:Better.Common.KeyIDGenerator.TableDefinition.CSRWorkOrderFlow_OrderStaffMappingYYYYMM">
            <summary>
            客满线上业务系统库.工单人员映射表(4404)
            </summary>
        </member>
        <member name="F:Better.Common.KeyIDGenerator.TableDefinition.UserMail_MailTemplate">
            <summary>
            用户邮件库.邮件模板表(4501)
            </summary>
        </member>
        <member name="F:Better.Common.KeyIDGenerator.TableDefinition.UserMailLog_MailRecordYYYYMM">
            <summary>
            用户邮件日志库.邮件发送记录表(4601)
            </summary>
        </member>
        <member name="F:Better.Common.KeyIDGenerator.TableDefinition.InsuranceOrder_InsuranceOrderYYYYMM">
            <summary>
            保险订单库.保险订单表(4701)
            </summary>
        </member>
        <member name="F:Better.Common.KeyIDGenerator.TableDefinition.InsuranceOrder_OrderRelaInfoYYYYMM">
            <summary>
            保险订单库.订单关联信息表(4702)
            </summary>
        </member>
        <member name="F:Better.Common.KeyIDGenerator.TableDefinition.InsuranceOrder_OrderLockYYYYMM">
            <summary>
            保险订单库.订单锁表(4703)
            </summary>
        </member>
        <member name="F:Better.Common.KeyIDGenerator.TableDefinition.InsuranceOrder_OrderRefundBatchNoYYYYMM">
            <summary>
            保险订单库.退款批次号记录表(4704)
            </summary>
        </member>
        <member name="F:Better.Common.KeyIDGenerator.TableDefinition.InsuranceInfo_DeptInfo">
            <summary>
            保险库.部门信息(4801)
            </summary>
        </member>
        <member name="F:Better.Common.KeyIDGenerator.TableDefinition.InsuranceInfo_InsuranceProduct">
            <summary>
            保险库.保险产品(4802)
            </summary>
        </member>
        <member name="F:Better.Common.KeyIDGenerator.TableDefinition.InsuranceInfo_DeptApplyInfo">
            <summary>
            保险库.部门申请信息表(4803)
            </summary>
        </member>
        <member name="F:Better.Common.KeyIDGenerator.TableDefinition.InsuranceInfo_ProductApplyInfo">
            <summary>
            保险库.产品申请信息表(4804)
            </summary>
        </member>
        <member name="F:Better.Common.KeyIDGenerator.TableDefinition.InsuranceInfo_InsureBuyerLimit">
            <summary>
            保险库.保险采购权限表(4805)
            </summary>
        </member>
        <member name="F:Better.Common.KeyIDGenerator.TableDefinition.InsuranceInfo_InsureBuyerForbid">
            <summary>
            保险库.保险采购权限逆向表（后期用）(4806)
            </summary>
        </member>
        <member name="F:Better.Common.KeyIDGenerator.TableDefinition.InsuranceLog_InsureOperLogYYYYMM">
            <summary>
            保险日志库.保险日志表(4901)
            </summary>
        </member>
        <member name="F:Better.Common.KeyIDGenerator.TableDefinition.GeneralLock_LockYYYYMM">
            <summary>
            通用锁库.锁表(5001)
            </summary>
        </member>
        <member name="F:Better.Common.KeyIDGenerator.TableDefinition.PolicyGetDB_PolicyRequestInfo">
            <summary>
            政策接收库.政策通知请求记录(5101)
            </summary>
        </member>
        <member name="F:Better.Common.KeyIDGenerator.TableDefinition.PolicyGetDB_PolicyRequestInfoBackup">
            <summary>
            政策接收库.政策通知请求记录备份(5102)
            </summary>
        </member>
        <member name="F:Better.Common.KeyIDGenerator.TableDefinition.PolicyGetDB_PolicyInfo">
            <summary>
            政策接收库.政策表(5103)
            </summary>
        </member>
        <member name="F:Better.Common.KeyIDGenerator.TableDefinition.PolicyGetDB_CompareInfoYYYYMMDD">
            <summary>
            政策接收库.政策比对记录(5104)
            </summary>
        </member>
        <member name="F:Better.Common.KeyIDGenerator.TableDefinition.B2BBusiness_B2bPNRManagerYYYYMM">
            <summary>
            B2B预定业务库.存储通过B2B网站生成的PNR编码信息(5201)
            </summary>
        </member>
        <member name="F:Better.Common.KeyIDGenerator.TableDefinition.AutoTicketOperateLog_OperateLogYYYYMM">
            <summary>
            自动出票操作日志库.自动出票操作日志记录表(5301)
            </summary>
        </member>
        <member name="F:Better.Common.KeyIDGenerator.TableDefinition.UserCenter_JoinUserYYYY">
            <summary>
            用户中心库.用户注册申请临时表(5401)
            </summary>
        </member>
        <member name="F:Better.Common.KeyIDGenerator.TableDefinition.UserCenter_MSMTemplate">
            <summary>
            用户中心库.短信模板表 (5402)
            </summary>
        </member>
        <member name="F:Better.Common.KeyIDGenerator.TableDefinition.OptimizePolicyDB_OptimizePolicyNotifyStatus">
            <summary>
            Qunar业务库.Optimize政策通知状况表(5501)
            </summary>
        </member>
        <member name="F:Better.Common.KeyIDGenerator.TableDefinition.OptimizePolicyDB_OptimizeNotifyDetailYYYYMM">
            <summary>
            Qunar业务库.Optimize通知明细(5502)
            </summary>
        </member>
        <member name="F:Better.Common.KeyIDGenerator.TableDefinition.OptimizePolicyDB_OptimizeNotifyConfig">
            <summary>
            Qunar业务库.Optimize通知配置(5503)
            </summary>
        </member>
        <member name="F:Better.Common.KeyIDGenerator.TableDefinition.OptimizeBusiDB_AutoApplyReverseOrderYYYYMM">
            <summary>
            Qunar业务库.退废票扫描处理表(5601)
            </summary>
        </member>
        <member name="F:Better.Common.KeyIDGenerator.TableDefinition.OptimizeBusiDB_QunarApplyReasonSet">
            <summary>
            Qunar业务库.退废票申请理由设置表(5602)
            </summary>
        </member>
        <member name="F:Better.Common.KeyIDGenerator.TableDefinition.OptimizeBusiDB_ItineryScanYYYYMM">
            <summary>
            Qunar业务库.行程单扫描表(5603)
            </summary>
        </member>
        <member name="F:Better.Common.KeyIDGenerator.TableDefinition.NotifyCfg_NoticePubTableInfo">
            <summary>
            通知配置库.通知发布表信息表(5701)
            </summary>
        </member>
        <member name="F:Better.Common.KeyIDGenerator.TableDefinition.NotifyCfg_NoticeSubDatabase">
            <summary>
            通知配置库.通知订阅库信息表(5702)
            </summary>
        </member>
        <member name="F:Better.Common.KeyIDGenerator.TableDefinition.NotifyCfg_NoticeSubTableInfo">
            <summary>
            通知配置库.通知订阅表信息表(5703)
            </summary>
        </member>
        <member name="F:Better.Common.KeyIDGenerator.TableDefinition.NotifyCfg_NoticePubDatabase">
            <summary>
            通知配置库.通知发布库信息表(5704)
            </summary>
        </member>
        <member name="F:Better.Common.KeyIDGenerator.TableDefinition.NotifyCfg_NoticePublishRule">
            <summary>
            通知配置库.通知发布规则表(5705)
            </summary>
        </member>
        <member name="F:Better.Common.KeyIDGenerator.TableDefinition.NotifyCfg_NoticePublishTarget">
            <summary>
            通知配置库.通知发布目标表(5706)
            </summary>
        </member>
        <member name="F:Better.Common.KeyIDGenerator.TableDefinition.NotifyCfg_NoticeSubscribeRule">
            <summary>
            通知配置库.通知订阅规则表(5707)
            </summary>
        </member>
        <member name="F:Better.Common.KeyIDGenerator.TableDefinition.NotifyCfg_NoticeSubscribeTarget">
            <summary>
            通知配置库.通知订阅目标表(5708)
            </summary>
        </member>
        <member name="F:Better.Common.KeyIDGenerator.TableDefinition.NoticePubDatabase_NoticePubTable">
            <summary>
            通知发布库.通知发布表(5801)
            </summary>
        </member>
        <member name="F:Better.Common.KeyIDGenerator.TableDefinition.NoticeSubDatabase_NoticeSubTable">
            <summary>
            通知订阅库.通知订阅表(5901)
            </summary>
        </member>
        <member name="F:Better.Common.KeyIDGenerator.TableDefinition.UserTipoffLog_TipoffStaffDetailYYYYMMDDHH">
            <summary>
            举报账号检测日志库.举报账号检索详细表(6001)
            </summary>
        </member>
        <member name="F:Better.Common.KeyIDGenerator.TableDefinition.AVHCache_InterfaceUserSystemType">
            <summary>
            AVH缓存库.接口用户预定系统类型(6101)
            </summary>
        </member>
        <member name="F:Better.Common.KeyIDGenerator.TableDefinition.OrderTransferStatistics_ImportCodeInfoYYYYMM">
            <summary>
            订单转化率统计库.分表创建导入编码日志记录表(6201)
            </summary>
        </member>
        <member name="F:Better.Common.KeyIDGenerator.TableDefinition.InterfaceMonitorYYYY_InterfaceAccessLogYYYYMMDD">
            <summary>
            接口监控库.接口访问日志表(6301)
            </summary>
        </member>
        <member name="F:Better.Common.KeyIDGenerator.TableDefinition.InfrastructureData_Continent">
            <summary>
            基础设施库.洲(6401)
            </summary>
        </member>
        <member name="F:Better.Common.KeyIDGenerator.TableDefinition.InfrastructureData_Country">
            <summary>
            基础设施库.国家地区表(6402)
            </summary>
        </member>
        <member name="F:Better.Common.KeyIDGenerator.TableDefinition.InfrastructureData_Province">
            <summary>
            基础设施库.省、直辖市表(6403)
            </summary>
        </member>
        <member name="F:Better.Common.KeyIDGenerator.TableDefinition.InfrastructureData_City">
            <summary>
            基础设施库.市县表(6404)
            </summary>
        </member>
        <member name="F:Better.Common.KeyIDGenerator.TableDefinition.UserBase_InterfacePID">
            <summary>
            用户基础库.接口用户PID表(6501)
            </summary>
        </member>
        <member name="F:Better.Common.KeyIDGenerator.TableDefinition.UserBase_CustomerType">
            <summary>
            用户基础库.客户类型表(6502)
            </summary>
        </member>
        <member name="F:Better.Common.KeyIDGenerator.TableDefinition.UserBase_InterfacePIDLog">
            <summary>
            用户基础库.接口用户PID操作日志表(6503)
            </summary>
        </member>
        <member name="F:Better.Common.KeyIDGenerator.TableDefinition.UserBase_PayAccountInfo">
            <summary>
            用户基础数据库.签约账号信息表(6504)
            </summary>
        </member>
        <member name="F:Better.Common.KeyIDGenerator.TableDefinition.UserBase_LinkManInfo">
            <summary>
            用户基础数据库.联系人信息表(6505)
            </summary>
        </member>
        <member name="F:Better.Common.KeyIDGenerator.TableDefinition.UserBase_LinkManCompleteness">
            <summary>
            用户基础数据库.联系人信息完成度设置表(6506)
            </summary>
        </member>
        <member name="F:Better.Common.KeyIDGenerator.TableDefinition.UserBase_MSSQL_AutoPayAuthorization">
            <summary>
            用户基础库.自动支付授权表(6601)
            </summary>
        </member>
        <member name="F:Better.Common.KeyIDGenerator.TableDefinition.InterfaceStatistics_SycDataLog">
            <summary>
            接口统计库.接口同步日志表(6701)
            </summary>
        </member>
        <member name="F:Better.Common.KeyIDGenerator.TableDefinition.MysqlReportDB_PayAccountMonitor">
            <summary>
            Mysql报表库.未签约账号监控表(6801)
            </summary>
        </member>
        <member name="F:Better.Common.KeyIDGenerator.TableDefinition.UserAnalysisRule_ExceptionOffice">
            <summary>
            用户行为分析规则库.异常Office号表(6901)
            </summary>
        </member>
        <member name="F:Better.Common.KeyIDGenerator.TableDefinition.UserAnalysisRule_ExceptionPaymentAccount">
            <summary>
            用户行为分析规则库.异常第三方账号表(6902)
            </summary>
        </member>
        <member name="F:Better.Common.KeyIDGenerator.TableDefinition.UserAnalysisRule_LocalOfficeCity">
            <summary>
            用户行为分析规则库.B2B取本地Office号列表(6903)
            </summary>
        </member>
        <member name="F:Better.Common.KeyIDGenerator.TableDefinition.UserAnalysisRule_MonitorPara">
            <summary>
            用户行为分析规则库.参数表(6904)
            </summary>
        </member>
        <member name="F:Better.Common.KeyIDGenerator.TableDefinition.UserAnalysisRule_SysOperatorLog">
            <summary>
            用户行为分析规则库.接口政策泄露设置项操作日志表(6905)
            </summary>
        </member>
        <member name="F:Better.Common.KeyIDGenerator.TableDefinition.UserAnalysisRule_ConfuseOfficeRate">
            <summary>
            用户行为分析规则库.特定用户Office混淆设置表(6906)
            </summary>
        </member>
        <member name="F:Better.Common.KeyIDGenerator.TableDefinition.UserAnalysisRule_MonitorRule">
            <summary>
            用户行为分析规则库.接口政策监控规则表(6907)
            </summary>
        </member>
        <member name="F:Better.Common.KeyIDGenerator.TableDefinition.ChangeTicketBase_PtDealOrderPara">
            <summary>
            改签基础库.平台可处理的改签订单参数表(7001)
            </summary>
        </member>
        <member name="F:Better.Common.KeyIDGenerator.TableDefinition.BusinessMonitor_OrderPolicyValidatorYYYYMM">
            <summary>
            业务监控库.出票复核政策类型不一致监控表(7101)
            </summary>
        </member>
        <member name="F:Better.Common.KeyIDGenerator.TableDefinition.BusinessMonitor_PtdtOrderDateMonitorYYYYMM">
            <summary>
            业务监控库.代退订单日期监控表(7102)
            </summary>
        </member>
        <member name="F:Better.Common.KeyIDGenerator.TableDefinition.BusinessMonitor_RefundingDetailRecordYYYY">
            <summary>
            业务监控库.退款中明细记录表(7103)
            </summary>
        </member>
        <member name="F:Better.Common.KeyIDGenerator.TableDefinition.NotifyServiceDB_NotifyOutOrderYYYYMM">
            <summary>
            通知服务库.出票通知表(7201)
            </summary>
        </member>
        <member name="F:Better.Common.KeyIDGenerator.TableDefinition.NotifyServiceDB_NotifyOutOrderAidYYYYMM">
            <summary>
            通知服务库.出票通知附表(7202)
            </summary>
        </member>
        <member name="F:Better.Common.KeyIDGenerator.TableDefinition.NotifyServiceDB_NotifyWaitOutTicketYYYYMM">
            <summary>
            通知服务库.已付款待出票通知(7203)
            </summary>
        </member>
        <member name="F:Better.Common.KeyIDGenerator.TableDefinition.NotifyServiceDB_NotifyWaitOutTicketAidYYYYMM">
            <summary>
            通知服务库.已付款待出票通知附表(7204)
            </summary>
        </member>
        <member name="F:Better.Common.KeyIDGenerator.TableDefinition.NotifyServiceDB_NotifyPaySuccessYYYYMM">
            <summary>
            通知服务库.支付成功通知(7205)
            </summary>
        </member>
        <member name="F:Better.Common.KeyIDGenerator.TableDefinition.NotifyServiceDB_NotifyPaySuccessAidYYYYMM">
            <summary>
            通知服务库.支付成功通知附表(7206)
            </summary>
        </member>
        <member name="F:Better.Common.KeyIDGenerator.TableDefinition.NotifyServiceDB_NotifyRecordYYYYMM">
            <summary>
            通知服务库.通知情况表(7207)
            </summary>
        </member>
        <member name="F:Better.Common.KeyIDGenerator.TableDefinition.NotifyServiceDB_SystemParameters">
            <summary>
            通知服务库.系统参数表(7208)
            </summary>
        </member>
        <member name="F:Better.Common.KeyIDGenerator.TableDefinition.NotifyServiceDB_InvalidTicketYYYYMM">
            <summary>
            通知服务库.废票通知表(7209)
            </summary>
        </member>
        <member name="F:Better.Common.KeyIDGenerator.TableDefinition.NotifyServiceDB_InvalidTicketAidYYYYMM">
            <summary>
            通知服务库.废票通知附表(7210)
            </summary>
        </member>
        <member name="F:Better.Common.KeyIDGenerator.TableDefinition.NotifyServiceDB_AutoWaitTicketYYYYMM">
            <summary>
            通知服务库.自动出票失败发送待出票通知(7211)
            </summary>
        </member>
        <member name="F:Better.Common.KeyIDGenerator.TableDefinition.NotifyServiceDB_NotifyServiceUrlList">
            <summary>
            通知服务库.CRM通知地址管理(7212)
            </summary>
        </member>
        <member name="F:Better.Common.KeyIDGenerator.TableDefinition.InternalServiceMonitor_B2BErrorStatisticsYYYYMM">
            <summary>
            内部服务监控库.与航司通信错误统计报表(7303)
            </summary>
        </member>
        <member name="F:Better.Common.KeyIDGenerator.TableDefinition.OrderAutoLog_RefundingLogYYYYMM">
            <summary>
            订单自动处理日志库.退款中日志表(7401)
            </summary>
        </member>
        <member name="F:Better.Common.KeyIDGenerator.TableDefinition.PassengerDB_FrequentPassenger">
            <summary>
            乘客库(平台).平台常旅客表(7501)
            </summary>
        </member>
        <member name="F:Better.Common.KeyIDGenerator.TableDefinition.PassengerDB_CorporatePassenger">
            <summary>
            乘客库(平台).企业客户信息表(7502)
            </summary>
        </member>
        <member name="F:Better.Common.KeyIDGenerator.TableDefinition.Passenger_FrequentPassenger">
            <summary>
            乘客库(下级).采购常旅客表(7601)
            </summary>
        </member>
        <member name="F:Better.Common.KeyIDGenerator.TableDefinition.Passenger_CorporatePassenger">
            <summary>
            乘客库(下级).采购常旅客表(7602)
            </summary>
        </member>
        <member name="F:Better.Common.KeyIDGenerator.TableDefinition.CorporateCustomer_CorporateCustomerManage">
            <summary>
            企业客户库.大客户信息表(7701)
            </summary>
        </member>
        <member name="F:Better.Common.KeyIDGenerator.TableDefinition.CorporateCustomer_CorporateCustomerPolicy">
            <summary>
            企业客户库.企业客户政策表(7702)
            </summary>
        </member>
        <member name="F:Better.Common.KeyIDGenerator.TableDefinition.FileRelease_FileUpLoadInfoYYYY">
            <summary>
            文件发布库.文件上传信息表(7801)
            </summary>
        </member>
        <member name="F:Better.Common.KeyIDGenerator.TableDefinition.FileRelease_FileReleaseInfoYYYYMM">
            <summary>
            文件发布库.文件发布信息表(7802)
            </summary>
        </member>
        <member name="F:Better.Common.KeyIDGenerator.TableDefinition.BusinessBase_MSSQL_SubOrderState">
            <summary>
            业务基础库.订单子状态定义表(8101)
            </summary>
        </member>
        <member name="F:Better.Common.KeyIDGenerator.TableDefinition.BusinessBase_MSSQL_SubOrderStateRef">
            <summary>
            业务基础库.订单主状态与子状态关系表(8102)
            </summary>
        </member>
        <member name="F:Better.Common.KeyIDGenerator.TableDefinition.BusinessBase_MySQL_PlatBizPara">
            <summary>
            业务基础库.平台业务参数表(8201)
            </summary>
        </member>
        <member name="F:Better.Common.KeyIDGenerator.TableDefinition.BusinessBase_MySQL_B2BTicketNoRule">
            <summary>
            业务基础库.B2B票号验证设置表(8202)
            </summary>
        </member>
        <member name="F:Better.Common.KeyIDGenerator.TableDefinition.BusinessBase_MySQL_ReviewFailedToSupplierRule">
            <summary>
            业务基础库.复核失败返回供应商处理规则表(8203)
            </summary>
        </member>
        <member name="F:Better.Common.KeyIDGenerator.TableDefinition.BusinessBase_MySQL_ReviewB2BSetting">
            <summary>
            业务基础库.复核航司设置表(8204)
            </summary>
        </member>
        <member name="F:Better.Common.KeyIDGenerator.TableDefinition.BusinessBase_MySQL_RefundingRuleDeptRel">
            <summary>
            业务基础库.退款中规则部门关联表(8205)
            </summary>
        </member>
        <member name="F:Better.Common.KeyIDGenerator.TableDefinition.BusinessBase_MySQL_AuthorizePNRSetting">
            <summary>
            业务基础数据库.用户授权设置表(8206)
            </summary>
        </member>
        <member name="F:Better.Common.KeyIDGenerator.TableDefinition.PtResources_EmConfigs">
            <summary>
            平台资源库.配置列表(8301)
            </summary>
        </member>
        <member name="F:Better.Common.KeyIDGenerator.TableDefinition.InstructionCache_PNRContentYYYYMM">
            <summary>
            指令缓存库.PNR信息缓存表(8401)
            </summary>
        </member>
        <member name="F:Better.Common.KeyIDGenerator.TableDefinition.InstructionCache_TicketContentYYYYMM">
            <summary>
            指令缓存库.票号信息缓存表(8402)
            </summary>
        </member>
        <member name="F:Better.Common.KeyIDGenerator.TableDefinition.InstructionCache_ItineraryInfoYYYYMM">
            <summary>
            指令缓存库.行程单信息缓存表(8403)
            </summary>
        </member>
        <member name="F:Better.Common.KeyIDGenerator.TableDefinition.InstructionCache_DetrLogYYYYMM">
            <summary>
            指令缓存库.detr指令记录表(8404)
            </summary>
        </member>
        <member name="F:Better.Common.KeyIDGenerator.TableDefinition.InstructionCache_GetNOSeatTimeYYYYMM">
            <summary>
            指令缓存内容库.NO位时间提取操作历史记录(8405)
            </summary>
        </member>
        <member name="F:Better.Common.KeyIDGenerator.TableDefinition.Freight_NotImportPriceYYYYMM">
            <summary>
            价格监控库.非内容导入记录价格(8501)
            </summary>
        </member>
        <member name="F:Better.Common.KeyIDGenerator.TableDefinition.Freight_PriceControler">
            <summary>
            价格监控库.运价属性表(8502)
            </summary>
        </member>
        <member name="F:Better.Common.KeyIDGenerator.TableDefinition.RouteDB_ServerInfo">
            <summary>
            数据路由库.服务器信息表(8601)
            </summary>
        </member>
        <member name="F:Better.Common.KeyIDGenerator.TableDefinition.RouteDB_DatabaseInfo">
            <summary>
            数据路由库.数据库信息表(8602)
            </summary>
        </member>
        <member name="F:Better.Common.KeyIDGenerator.TableDefinition.RouteDB_ConnectionRoute">
            <summary>
            数据路由库.连接路由表(8603)
            </summary>
        </member>
        <member name="F:Better.Common.KeyIDGenerator.TableDefinition.RouteDB_SqlScript">
            <summary>
            数据路由库.脚本管理表(8604)
            </summary>
        </member>
        <member name="F:Better.Common.KeyIDGenerator.TableDefinition.RouteDB_ProvinceDBServer">
            <summary>
            数据路由库.省份服务器对照表(8605)
            </summary>
        </member>
        <member name="F:Better.Common.KeyIDGenerator.TableDefinition.RouteDB_CreateDBLog">
            <summary>
            数据路由库.开户建库日志表(8606)
            </summary>
        </member>
        <member name="F:Better.Common.KeyIDGenerator.TableDefinition.RouteDB_PartialLogYYYYMM">
            <summary>
            数据路由库.分表创建日志表(8607)
            </summary>
        </member>
        <member name="F:Better.Common.KeyIDGenerator.TableDefinition.RouteDB_RouteGroupInterval">
            <summary>
            数据路由库.路由分组表(8608)
            </summary>
        </member>
        <member name="F:Better.Common.KeyIDGenerator.TableDefinition.RouteDB_ReadDatabaseInfo">
            <summary>
            数据路由库.数据库读库信息表(8609)
            </summary>
        </member>
        <member name="F:Better.Common.KeyIDGenerator.TableDefinition.RouteDB_ExecutePlanLog">
            <summary>
            数据路由库.作业执行日志表(8610)
            </summary>
        </member>
        <member name="F:Better.Common.KeyIDGenerator.TableDefinition.RouteDB_ExecuteTrackLog">
            <summary>
            数据路由库.分销执行日志表(8611)
            </summary>
        </member>
        <member name="F:Better.Common.KeyIDGenerator.TableDefinition.RouteDB_RouteErrorLog">
            <summary>
            数据路由库.连接路由错误日志表(8612)
            </summary>
        </member>
        <member name="F:Better.Common.KeyIDGenerator.TableDefinition.RouteDB_PassengerTable">
            <summary>
            数据路由库.乘客表路由表(8613)
            </summary>
        </member>
        <member name="F:Better.Common.KeyIDGenerator.TableDefinition.LogconfigInfo_ModuleMaintain">
            <summary>
            日志配置库.模块信息维护表(8701)
            </summary>
        </member>
        <member name="F:Better.Common.KeyIDGenerator.TableDefinition.PlatformCache_CacheItem">
            <summary>
            平台缓存库.缓存项列表(8801)
            </summary>
        </member>
        <member name="F:Better.Common.KeyIDGenerator.TableDefinition.PlatformCache_CacheSvcReg">
            <summary>
            平台缓存库.缓存服务注册表(8802)
            </summary>
        </member>
        <member name="F:Better.Common.KeyIDGenerator.TableDefinition.ServiceRouteDB_ServiceRoute">
            <summary>
            服务路由库.通用服务路由表(8901)
            </summary>
        </member>
        <member name="F:Better.Common.KeyIDGenerator.TableDefinition.ServiceRouteAnaDB_CheckDetail">
            <summary>
            服务路由分析库.检测明细表(9001)
            </summary>
        </member>
        <member name="F:Better.Common.KeyIDGenerator.TableDefinition.ServiceRouteAnaDB_ServiceAlert">
            <summary>
            服务路由分析库.服务告警表(9002)
            </summary>
        </member>
        <member name="F:Better.Common.KeyIDGenerator.TableDefinition.BusinessReport_PtdsdfCapitalFlowYYYYMM">
            <summary>
            业务报表库.代付代收资金流向报表(9101)
            </summary>
        </member>
        <member name="F:Better.Common.KeyIDGenerator.TableDefinition.BusinessReport_PtdsdfTickDetReportYYYYMM">
            <summary>
            业务报表库.代付代收机票明细表(9102)
            </summary>
        </member>
        <member name="F:Better.Common.KeyIDGenerator.TableDefinition.BusinessReport_ReportAllYYYYMM">
            <summary>
            业务报表库.机票明细总表(9103)
            </summary>
        </member>
        <member name="F:Better.Common.KeyIDGenerator.TableDefinition.AutoPublish_ServerGroupInfo">
            <summary>
            自动发布业务库.服务器组信息表(9201)
            </summary>
        </member>
        <member name="F:Better.Common.KeyIDGenerator.TableDefinition.AutoPublish_IncrementReHistory">
            <summary>
            自动发布业务库.增量发布历史记录(9202)
            </summary>
        </member>
        <member name="F:Better.Common.KeyIDGenerator.TableDefinition.AutoPublish_ConfigurationInfo">
            <summary>
            自动发布业务库.配置文件信息表(9203)
            </summary>
        </member>
        <member name="F:Better.Common.KeyIDGenerator.TableDefinition.AutoPublish_ConfigNodeParameter">
            <summary>
            自动发布业务库.配置节点参数表(9204)
            </summary>
        </member>
        <member name="F:Better.Common.KeyIDGenerator.TableDefinition.AutoPublish_ConfigNodeOperateInfo">
            <summary>
            自动发布业务库.配置节点操作信息表(9205)
            </summary>
        </member>
        <member name="F:Better.Common.KeyIDGenerator.TableDefinition.AutoPublish_ConfigTemplateInfo">
            <summary>
            自动发布业务库.配置文件模版信息表(9206)
            </summary>
        </member>
        <member name="F:Better.Common.KeyIDGenerator.TableDefinition.AutoPublish_ConfigReleaseInfo">
            <summary>
            自动发布业务库.配置文件发布历史表(9207)
            </summary>
        </member>
        <member name="F:Better.Common.KeyIDGenerator.TableDefinition.AutoPublish_ConfigNodeDetailsInfo">
            <summary>
            自动发布业务库.配置节点参数内容信息表(9208)
            </summary>
        </member>
        <member name="F:Better.Common.KeyIDGenerator.TableDefinition.AutoPublish_ResourceInfo">
            <summary>
            自动发布业务库.资源信息表(9209)
            </summary>
        </member>
        <member name="F:Better.Common.KeyIDGenerator.TableDefinition.AutoPublish_ResourceTypeInfo">
            <summary>
            自动发布业务库.资源类型表(9210)
            </summary>
        </member>
        <member name="F:Better.Common.KeyIDGenerator.TableDefinition.AutoPublish_ConfigOperateInfo">
            <summary>
            自动发布业务库.配置基线操作历史记录表(9211)
            </summary>
        </member>
        <member name="F:Better.Common.KeyIDGenerator.TableDefinition.AutoPublish_ConfigParOperateInfo">
            <summary>
            自动发布业务库.配置节点参数操作信息表(9212)
            </summary>
        </member>
        <member name="F:Better.Common.KeyIDGenerator.TableDefinition.AutoPublish_DiskShareInfo">
            <summary>
            自动发布业务库.磁盘共享信息(9213)
            </summary>
        </member>
        <member name="F:Better.Common.KeyIDGenerator.TableDefinition.AutoPublish_VersionCompareInfo">
            <summary>
            自动发布业务库.版本对比信息(9214)
            </summary>
        </member>
        <member name="F:Better.Common.KeyIDGenerator.TableDefinition.AutoPublish_VersionDifferentFile">
            <summary>
            自动发布业务库.版本差异文件(9215)
            </summary>
        </member>
        <member name="F:Better.Common.KeyIDGenerator.TableDefinition.InternalDomainDB_SystemRole">
            <summary>
            内部域系统库.系统角色表(9301)
            </summary>
        </member>
        <member name="F:Better.Common.KeyIDGenerator.TableDefinition.InternalDomainDB_StaffRole">
            <summary>
            内部域系统库.人员角色表(9302)
            </summary>
        </member>
        <member name="F:Better.Common.KeyIDGenerator.TableDefinition.InternalDomainDB_SystemRolePrivilege">
            <summary>
            内部域系统库.模块角色权限表(9303)
            </summary>
        </member>
        <member name="F:Better.Common.KeyIDGenerator.TableDefinition.InternalDomainDB_MailTemplate">
            <summary>
            内部域系统库.邮件模板表(9304)
            </summary>
        </member>
        <member name="F:Better.Common.KeyIDGenerator.TableDefinition.InternalDomainDB_SystemRoleDefaultModule">
            <summary>
            内部域系统库.角色默认模块表(9305)
            </summary>
        </member>
        <member name="F:Better.Common.KeyIDGenerator.TableDefinition.InternalDomainDB_OperLogTemplate">
            <summary>
            内部域系统库.操作日志模板表(9306)
            </summary>
        </member>
        <member name="F:Better.Common.KeyIDGenerator.TableDefinition.InternalDomainDB_StaffAccountMapping">
            <summary>
            内部系统.平台-域帐号映射(9307)
            </summary>
        </member>
        <member name="F:Better.Common.KeyIDGenerator.TableDefinition.LifeCycleLog_MailRecord">
            <summary>
            邮件记录库.邮件发送记录表(9401)
            </summary>
        </member>
        <member name="F:Better.Common.KeyIDGenerator.TableDefinition.LifeCycleLog_OperLogRecordYYYYMM">
            <summary>
            产品周期日志库.操作日志表(9402)
            </summary>
        </member>
        <member name="F:Better.Common.KeyIDGenerator.TableDefinition.LifeCycleDB_CodeTrunk">
            <summary>
            产品周期库.系统清单表(9501)
            </summary>
        </member>
        <member name="F:Better.Common.KeyIDGenerator.TableDefinition.LifeCycleDB_ProductRequirement">
            <summary>
            产品周期库.需求表(9502)
            </summary>
        </member>
        <member name="F:Better.Common.KeyIDGenerator.TableDefinition.LifeCycleDB_DevReqRelation">
            <summary>
            产品周期库.版本需求关联表(9503)
            </summary>
        </member>
        <member name="F:Better.Common.KeyIDGenerator.TableDefinition.LifeCycleDB_DevelopmentVersion">
            <summary>
            产品周期库.版本表(9504)
            </summary>
        </member>
        <member name="F:Better.Common.KeyIDGenerator.TableDefinition.LifeCycleDB_DevelopmentPhase">
            <summary>
            产品周期库.版本阶段表(9505)
            </summary>
        </member>
        <member name="F:Better.Common.KeyIDGenerator.TableDefinition.LifeCycleDB_DevelopmentResource">
            <summary>
            产品周期库.版本资源表(9506)
            </summary>
        </member>
        <member name="F:Better.Common.KeyIDGenerator.TableDefinition.LifeCycleDB_DevelopmentCodeBranch">
            <summary>
            产品周期库.版本分支表(9507)
            </summary>
        </member>
        <member name="F:Better.Common.KeyIDGenerator.TableDefinition.LifeCycleDB_StatusLogRequirement">
            <summary>
            产品周期库.需求状态变更记录表(9508)
            </summary>
        </member>
        <member name="F:Better.Common.KeyIDGenerator.TableDefinition.LifeCycleDB_StatusLogOfDevelopment">
            <summary>
            产品周期库.版本状态变更记录表(9509)
            </summary>
        </member>
        <member name="F:Better.Common.KeyIDGenerator.TableDefinition.LifeCycleDB_StatusLogOfCodeBranch">
            <summary>
            产品周期库.分支状态变更记录表(9510)
            </summary>
        </member>
        <member name="F:Better.Common.KeyIDGenerator.TableDefinition.LifeCycleDB_StatusLogOfProblemRecord">
            <summary>
            产品周期库.问题状态变更记录表(9511)
            </summary>
        </member>
        <member name="F:Better.Common.KeyIDGenerator.TableDefinition.LifeCycleDB_ProblemRecord">
            <summary>
            产品周期库.问题记录表(9512)
            </summary>
        </member>
        <member name="F:Better.Common.KeyIDGenerator.TableDefinition.LifeCycleDB_TestingRecord">
            <summary>
            产品周期库.提测冒烟质量监控表(9513)
            </summary>
        </member>
        <member name="F:Better.Common.KeyIDGenerator.TableDefinition.LifeCycleDB_DeploymentCheckItemDic">
            <summary>
            产品周期库.版本部署检查项字典(9514)
            </summary>
        </member>
        <member name="F:Better.Common.KeyIDGenerator.TableDefinition.LifeCycleDB_DeploymentCheckList">
            <summary>
            产品周期库.版本部署检查清单表(9515)
            </summary>
        </member>
        <member name="F:Better.Common.KeyIDGenerator.TableDefinition.LifeCycleDB_DeploymentCheckItem">
            <summary>
            产品周期库.版本部署检查项状态表(9516)
            </summary>
        </member>
        <member name="F:Better.Common.KeyIDGenerator.TableDefinition.LifeCycleDB_DevelopmentTask">
            <summary>
            产品周期库.版本阶段任务表(9517)
            </summary>
        </member>
        <member name="F:Better.Common.KeyIDGenerator.TableDefinition.LifeCycleDB_StatusLogOfTask">
            <summary>
            产品周期库.版本任务状态变更记录表(9518)
            </summary>
        </member>
        <member name="F:Better.Common.KeyIDGenerator.TableDefinition.LifeCycleDB_CommitTestSystemInfo">
            <summary>
            产品周期库.版本系统提测情况表(9519)
            </summary>
        </member>
        <member name="F:Better.Common.KeyIDGenerator.TableDefinition.LifeCycleDB_CommitTestSystemRecord">
            <summary>
            产品周期库.版本系统提测记录表(9520)
            </summary>
        </member>
        <member name="F:Better.Common.KeyIDGenerator.TableDefinition.LifeCycleDB_CommitTestFileYYYYMM">
            <summary>
            产品周期库.版本文件提测明细表(9521)
            </summary>
        </member>
        <member name="F:Better.Common.KeyIDGenerator.TableDefinition.LifeCycleDB_CommitTestRelaUrl">
            <summary>
            产品周期库.提测相关路径表(9522)
            </summary>
        </member>
        <member name="F:Better.Common.KeyIDGenerator.TableDefinition.LifeCycleDB_AppPrjDllInfo">
            <summary>
            产品周期库.系统生成DLL表(9523)
            </summary>
        </member>
        <member name="F:Better.Common.KeyIDGenerator.TableDefinition.LifeCycleDB_AppPrjRelationInfo">
            <summary>
            产品周期库.系统关系表(9524)
            </summary>
        </member>
        <member name="F:Better.Common.KeyIDGenerator.TableDefinition.LifeCycleDB_SqlManage">
            <summary>
            产品周期库.SQL管理表(9525)
            </summary>
        </member>
        <member name="F:Better.Common.KeyIDGenerator.TableDefinition.LifeCycleDB_AppPrjDllInfoBranch">
            <summary>
            产品周期库.程序分支DLL明细表(9526)
            </summary>
        </member>
        <member name="F:Better.Common.KeyIDGenerator.TableDefinition.LifeCycleDB_AppPrjRelationInfoBranch">
            <summary>
            产品周期库.程序分支DLL关联表(9527)
            </summary>
        </member>
        <member name="F:Better.Common.KeyIDGenerator.TableDefinition.LifeCycleDB_AppPrjPublicDllBranch">
            <summary>
            产品周期库.程序分支公用DLL表(9528)
            </summary>
        </member>
        <member name="F:Better.Common.KeyIDGenerator.TableDefinition.AutoPublishPlatform_DifferenceInfo">
            <summary>
            自动部署系统.差异概况表(9601)
            </summary>
        </member>
        <member name="F:Better.Common.KeyIDGenerator.TableDefinition.AutoPublishPlatform_FileInfo">
            <summary>
            自动部署系统.差异文件明细表(9602)
            </summary>
        </member>
        <member name="F:Better.Common.KeyIDGenerator.TableDefinition.AutoPublishPlatform_DiffFilesContentInfo">
            <summary>
            自动部署系统.差异文件内容明细表(9603)
            </summary>
        </member>
        <member name="F:Better.Common.KeyIDGenerator.TableDefinition.AutoPublishPlatform_ComparisonLog">
            <summary>
            自动部署系统.差异流水账(9604)
            </summary>
        </member>
        <member name="F:Better.Common.KeyIDGenerator.TableDefinition.TelManageDB_StaffContact">
            <summary>
            电话系统库.员工通信录(9701)
            </summary>
        </member>
        <member name="F:Better.Common.KeyIDGenerator.TableDefinition.TelManageDB_AssetsStock">
            <summary>
            电话系统库.电话库存管理(9702)
            </summary>
        </member>
        <member name="F:Better.Common.KeyIDGenerator.TableDefinition.TelManageDB_TelSysSetting">
            <summary>
            电话系统库.域同步信息(9703)
            </summary>
        </member>
        <member name="F:Better.Common.KeyIDGenerator.TableDefinition.TelManageDB_SytemPermission">
            <summary>
            电话系统库.系统权限(9704)
            </summary>
        </member>
        <member name="F:Better.Common.KeyIDGenerator.TableDefinition.TelManageDB_PermissionPage">
            <summary>
            电话系统库.权限页(9705)
            </summary>
        </member>
        <member name="F:Better.Common.KeyIDGenerator.TableDefinition.TelManageDB_OperationLog">
            <summary>
            电话系统库.操作日志(9706)
            </summary>
        </member>
        <member name="F:Better.Common.KeyIDGenerator.TableDefinition.TelManageDB_AssignHistory">
            <summary>
            电话系统库.分配历史(9707)
            </summary>
        </member>
        <member name="F:Better.Common.KeyIDGenerator.TableDefinition.TelManageDB_AssetsClass">
            <summary>
            电话系统库.资产分类(9708)
            </summary>
        </member>
        <member name="F:Better.Common.KeyIDGenerator.TableDefinition.TelManageDB_Notice">
            <summary>
            电话系统库.公告详细信息表(9709)
            </summary>
        </member>
        <member name="F:Better.Common.KeyIDGenerator.TableDefinition.TelManageDB_NoticeDeptMapping">
            <summary>
            电话系统库.公告接收映射表(9710)
            </summary>
        </member>
        <member name="F:Better.Common.KeyIDGenerator.TableDefinition.TelManageDB_NoticeExtend">
            <summary>
            电话系统库.公告扩展信息表(9711)
            </summary>
        </member>
        <member name="F:Better.Common.KeyIDGenerator.TableDefinition.TelManageDB_NoticeReceive">
            <summary>
            电话系统库.公告接收表(9712)
            </summary>
        </member>
        <member name="F:Better.Common.KeyIDGenerator.TableDefinition.TelManageDB_UserSetting">
            <summary>
            电话系统库.用户参数表(9713)
            </summary>
        </member>
        <member name="F:Better.Common.KeyIDGenerator.TableDefinition.PolicyNotifyTehuiDB_PolicyNotifyInfoTehuiYYYYMMDD">
            <summary>
            政策通知库.政策通知中间表(9801)
            </summary>
        </member>
        <member name="F:Better.Common.KeyIDGenerator.TableDefinition.PolicyNotifyTehuiDB_NotifyFailInfoTehuiYYYYMMDD">
            <summary>
            政策通知库.政策失败通知中间表(9802)
            </summary>
        </member>
        <member name="F:Better.Common.KeyIDGenerator.TableDefinition.PolicyNotifyTehuiDB_NotifyDetailYYYYMMDD">
            <summary>
            政策通知库.通知明细表(9803)
            </summary>
        </member>
        <member name="F:Better.Common.KeyIDGenerator.TableDefinition.PolicyNotifyTehuiDB_PolicyScanTime">
            <summary>
            政策通知库.扫描时间记录表(9804)
            </summary>
        </member>
        <member name="F:Better.Common.KeyIDGenerator.TableDefinition.PolicyNotifyTehuiDB_NotifyUsers">
            <summary>
            政策通知库.通知用户表(9805)
            </summary>
        </member>
        <member name="F:Better.Common.KeyIDGenerator.TableDefinition.UserGradeSystem_ProviderQOSGrade">
            <summary>
            用户评分库.供应商服务质量评分(9901)
            </summary>
        </member>
        <member name="T:Better.Common.KeyIDGenerator.KeyIDFactory">
            <summary>
            配置工厂
            </summary>
        </member>
        <member name="M:Better.Common.KeyIDGenerator.KeyIDFactory.NewKeyID(System.String,System.String)">
            <summary>
            创建KeyID
            </summary>
            <param name="databaseName">库匹配标识(一般情况下与库名一致,但当MySQL和MSSQL有相同库名时,有后缀区分。具体请参照一览表)</param>
            <param name="tableName">表匹配标识(一般情况下与表名一致)</param>
            <returns>KeyID</returns>
        </member>
        <member name="M:Better.Common.KeyIDGenerator.KeyIDFactory.NewKeyID(System.String,System.String,System.Boolean)">
            <summary>
            创建KeyID
            </summary>
            <returns></returns>
        </member>
        <member name="T:Better.Common.KeyIDGenerator.ConfigMonitor">
            <summary>
            配置文件监听器类
            </summary>
        </member>
        <member name="F:Better.Common.KeyIDGenerator.ConfigMonitor.map">
            <summary>
            配置文件映射对象
            </summary>
        </member>
        <member name="M:Better.Common.KeyIDGenerator.ConfigMonitor.#cctor">
            <summary>
            静态构造函数
            </summary>
        </member>
        <member name="M:Better.Common.KeyIDGenerator.ConfigMonitor.RaiseEvent">
            <summary>
            向订阅者发布信息
            </summary>
        </member>
        <member name="M:Better.Common.KeyIDGenerator.ConfigMonitor.InitConfig">
            <summary>
            初始化所有连接配置
            </summary>
        </member>
        <member name="M:Better.Common.KeyIDGenerator.ConfigMonitor.MonitorConfigFile">
            <summary>
            创建配置文件发动监听器
            </summary>
        </member>
        <member name="M:Better.Common.KeyIDGenerator.ConfigMonitor.OnChanged(System.Object,System.IO.FileSystemEventArgs)">
            <summary>
            配置文件变更事件处理器
            </summary>
            <param name="source">事件源</param>
            <param name="e">事件参数</param>
        </member>
        <member name="E:Better.Common.KeyIDGenerator.ConfigMonitor.ConfigModifyInfoEvent">
            <summary>
            配置文件变更事件
            </summary>
        </member>
        <member name="P:Better.Common.KeyIDGenerator.ConfigMonitor.KeyIDGeneratorConfig">
            <summary>
            配置对象
            </summary>
        </member>
        <member name="T:Better.Common.KeyIDGenerator.ConfigMonitor.EventHandlerAfterConfigModify">
            <summary>
            配置文件变更事件委托
            </summary>
        </member>
        <member name="T:Better.Common.KeyIDGenerator.Nacfg">
            <summary>
            for reading and parsing the ini file nacfg.ini
            </summary>
        </member>
        <member name="F:Better.Common.KeyIDGenerator.Nacfg.NANO_NOTFOUND">
            <summary>
            机器编号初始化值
            </summary>
        </member>
        <member name="F:Better.Common.KeyIDGenerator.Nacfg.DTCT_NOTFOUND">
            <summary>
            机房代码初始化值
            </summary>
        </member>
        <member name="F:Better.Common.KeyIDGenerator.Nacfg.nacfg">
            <summary>
            配置地址
            </summary>
        </member>
        <member name="M:Better.Common.KeyIDGenerator.Nacfg.GetDataCenter">
            <summary>
            获取机房代码
            </summary>
            <returns></returns>
        </member>
        <member name="M:Better.Common.KeyIDGenerator.Nacfg.GetStationNumber">
            <summary>
            获取机器编号(NANO)
            </summary>
            <returns></returns>
        </member>
        <member name="M:Better.Common.KeyIDGenerator.Nacfg.GetNano">
            <summary>
            获取机房代码(DTCT)
            </summary>
            <returns></returns>
        </member>
        <member name="M:Better.Common.KeyIDGenerator.Nacfg.GetDtctNo">
            <summary>
            获取机房代码
            </summary>
            <returns></returns>
        </member>
        <member name="T:Better.Common.KeyIDGenerator.BizCodeMap">
            <summary>
            业务码管理类
            </summary>
        </member>
        <member name="F:Better.Common.KeyIDGenerator.BizCodeMap.BizCode">
            <summary>
            Dictionary for 业务码
            </summary>
        </member>
        <member name="M:Better.Common.KeyIDGenerator.BizCodeMap.#cctor">
            <summary>
            静态构造 for 初始化
            </summary>
        </member>
        <member name="M:Better.Common.KeyIDGenerator.BizCodeMap.GetBizCode(System.String,System.String)">
            <summary>
            获取业务码
            </summary>
            <param name="databaseName">库匹配标识(一般情况下与库名一致,但当MySQL和MSSQL有相同库名时,有后缀区分。具体请参照一览表)</param>
            <param name="tableName">表匹配标识(一般情况下与表名一致)</param>
            <returns>业务码4位,未匹配到时返回XXXX</returns>
        </member>
    </members>
</doc>
