<?xml version="1.0"?>
<doc>
    <assembly>
        <name>Better517Na.TicketRuleService.ServiceHelper</name>
    </assembly>
    <members>
        <member name="T:Better517Na.TicketRuleService.ServiceHelper.TicketRuleServiceHelper">
            <summary>
            TicketRuleServiceHelper类 
            </summary>
        </member>
        <member name="F:Better517Na.TicketRuleService.ServiceHelper.TicketRuleServiceHelper.log">
            <summary>
            声明日志接口
            </summary>
        </member>
        <member name="F:Better517Na.TicketRuleService.ServiceHelper.TicketRuleServiceHelper.client">
            <summary>
            本地代理
            </summary>
        </member>
        <member name="F:Better517Na.TicketRuleService.ServiceHelper.TicketRuleServiceHelper.configPath">
            <summary>
            配置文件路径
            </summary>
        </member>
        <member name="F:Better517Na.TicketRuleService.ServiceHelper.TicketRuleServiceHelper.serviceAddress">
            <summary>
            服务地址
            </summary>
        </member>
        <member name="M:Better517Na.TicketRuleService.ServiceHelper.TicketRuleServiceHelper.#ctor">
            <summary>
            构造函数
            </summary>
        </member>
        <member name="M:Better517Na.TicketRuleService.ServiceHelper.TicketRuleServiceHelper.ReturnTicketMatchRule(System.String,System.String,System.DateTime,System.DateTime,System.Collections.Generic.Dictionary{System.String,System.Object},Better.Infrastructures.Log.TrackID)">
            <summary>
            退款客规匹配
            </summary>
            <param name="carrierCode">承运人</param>
            <param name="seat">舱位</param>
            <param name="takeOffTime">起飞时间</param>
            <param name="ticketProcessTime">出票时间</param>
            <param name="extendInfo">参数扩展信息</param>
            <param name="trackId">trackId</param>
            <returns>返回结果</returns>
        </member>
        <member name="M:Better517Na.TicketRuleService.ServiceHelper.TicketRuleServiceHelper.MatchTicketRule(Better517Na.TicketRuleService.Contract.MatchTicketArg,System.Boolean)">
            <summary>
            退票客规匹配
            </summary>
            <param name="matchArg">客规匹配参数</param>
            <param name="isCompute">是否计算手续费</param>
            <returns>返回客规匹配结果</returns>
        </member>
        <member name="M:Better517Na.TicketRuleService.ServiceHelper.TicketRuleServiceHelper.AddTicketRule(Better517Na.TicketRuleService.Model.MTicketRules)">
            <summary>
            添加客规
            </summary>
            <param name="ticketRule">客规对象</param>
            <returns>是否添加成功</returns>
        </member>
        <member name="M:Better517Na.TicketRuleService.ServiceHelper.TicketRuleServiceHelper.UpdateTicketRule(Better517Na.TicketRuleService.Model.MTicketRules)">
            <summary>
            更新客规
            </summary>
            <param name="ticketRule">客规对象</param>
            <returns>是否更新成功</returns>
        </member>
        <member name="M:Better517Na.TicketRuleService.ServiceHelper.TicketRuleServiceHelper.DeleteTicketRule(System.String)">
            <summary>
            更新客规
            </summary>
            <param name="ruleKey">客规对象</param>
            <returns>是否更新成功</returns>
        </member>
        <member name="M:Better517Na.TicketRuleService.ServiceHelper.TicketRuleServiceHelper.DeleteInvalidTicketRules(System.String)">
            <summary>
            删除废票客规
            </summary>
            <param name="keyid">废票ID</param>
            <returns>删除是否成功</returns>
        </member>
        <member name="M:Better517Na.TicketRuleService.ServiceHelper.TicketRuleServiceHelper.DeleteInvalidTicketRulesList(System.Collections.Generic.List{System.String})">
            <summary>
            批量删除废票客规
            </summary>
            <param name="ruleid">废票ID</param>
            <returns>是否删除成功</returns>
        </member>
        <member name="M:Better517Na.TicketRuleService.ServiceHelper.TicketRuleServiceHelper.GetInvalidTicketRulesByKeyID(System.String)">
            <summary>
            获取废票对象Model
            </summary>
            <param name="keyId">主键</param>
            <returns>Model对象</returns>
        </member>
        <member name="M:Better517Na.TicketRuleService.ServiceHelper.TicketRuleServiceHelper.AddInvalidTicketRules(Better517Na.TicketRuleService.Contract.MInvalidTicketRules)">
            <summary>
            添加废票客规
            </summary>
            <param name="minvalidTicketRules">废票客规Model对象</param>
            <returns>是否成功</returns>
        </member>
        <member name="M:Better517Na.TicketRuleService.ServiceHelper.TicketRuleServiceHelper.UpdateInvalidTicketRules(Better517Na.TicketRuleService.Contract.MInvalidTicketRules)">
            <summary>
            更新废票客规
            </summary>
            <param name="minvalidTicketRules">废票客规Model对象</param>
            <returns>是否成功</returns>
        </member>
        <member name="M:Better517Na.TicketRuleService.ServiceHelper.TicketRuleServiceHelper.DeleteTicketRuleByList(System.Collections.Generic.List{System.String})">
            <summary>
            批量删除客规
            </summary>
            <param name="ruleIdlist">客规id列表</param>
            <returns>是否删除成功</returns>
        </member>
        <member name="M:Better517Na.TicketRuleService.ServiceHelper.TicketRuleServiceHelper.GetTicketRules(System.String)">
            <summary>
            得到客规model
            </summary>
            <param name="keyID">客规ID</param>
            <returns>客规model</returns>
        </member>
        <member name="M:Better517Na.TicketRuleService.ServiceHelper.TicketRuleServiceHelper.GetTicketRuleRate(System.Collections.Generic.List{System.String})">
            <summary>
            获取所有客规的客规手续费
            </summary>
            <param name="ruleKeyIDList">客规ID列表</param>
            <returns>所有客规的客规手续费列表</returns>
        </member>
        <member name="M:Better517Na.TicketRuleService.ServiceHelper.TicketRuleServiceHelper.VoidTicketMatchRule(System.String,System.DateTime,System.DateTime,System.Boolean,System.Collections.Generic.Dictionary{System.String,System.Object},Better.Infrastructures.Log.TrackID)">
            <summary>
            废票客规匹配
            </summary>
            <param name="carrierCode">承运人</param>
            <param name="takeOffTime">起飞时间</param>
            <param name="outTicketTime">出票时间</param>
            <param name="isBspTicket">是否为BSP票</param>
            <param name="extendInfo">参数扩展信息</param>
            <param name="trackId">trackId</param>
            <returns>返回结果</returns>
        </member>
        <member name="M:Better517Na.TicketRuleService.ServiceHelper.TicketRuleServiceHelper.GetInvalidTicketRules(System.String)">
            <summary>
            获取废票客规
            </summary>
            <param name="carrierCode">航司</param>
            <returns>废票客规</returns>
        </member>
        <member name="M:Better517Na.TicketRuleService.ServiceHelper.TicketRuleServiceHelper.GetInvalidTicketRuleString(System.String)">
            <summary>
            获取废票客规规定(string)
            </summary>
            <param name="carrierCode">航司</param>
            <returns>废票客规</returns>
        </member>
    </members>
</doc>
