<?xml version="1.0"?>
<doc>
    <assembly>
        <name>Better517Na.TicketRuleService.Contract</name>
    </assembly>
    <members>
        <member name="T:Better517Na.TicketRuleService.Contract.MInvalidTicketRules">
            <summary>
            废票客规
            </summary>
        </member>
        <member name="P:Better517Na.TicketRuleService.Contract.MInvalidTicketRules.KeyID">
            <summary>
            主键
            </summary>
        </member>
        <member name="P:Better517Na.TicketRuleService.Contract.MInvalidTicketRules.CarrierCode">
            <summary>
            航空公司编号
            </summary>
        </member>
        <member name="P:Better517Na.TicketRuleService.Contract.MInvalidTicketRules.InvalidFees">
            <summary>
            废票手续费
            </summary>
        </member>
        <member name="P:Better517Na.TicketRuleService.Contract.MInvalidTicketRules.IsNonAllowInvalid">
            <summary>
            特殊时段不允许作废
            </summary>
        </member>
        <member name="P:Better517Na.TicketRuleService.Contract.MInvalidTicketRules.TicketStartDate">
            <summary>
            出票开始日期
            </summary>
        </member>
        <member name="P:Better517Na.TicketRuleService.Contract.MInvalidTicketRules.TicketEndDate">
            <summary>
            出票终止日期
            </summary>
        </member>
        <member name="P:Better517Na.TicketRuleService.Contract.MInvalidTicketRules.TicketType">
            <summary>
            不允许作废客票类型
            </summary>
        </member>
        <member name="P:Better517Na.TicketRuleService.Contract.MInvalidTicketRules.QualifiedType">
            <summary>
            起飞时间限定类型
            </summary>
        </member>
        <member name="P:Better517Na.TicketRuleService.Contract.MInvalidTicketRules.QualifiedNextTime">
            <summary>
            次日限定时间
            </summary>
        </member>
        <member name="P:Better517Na.TicketRuleService.Contract.MInvalidTicketRules.IsDelete">
            <summary>
            删除标志
            </summary>
        </member>
        <member name="P:Better517Na.TicketRuleService.Contract.MInvalidTicketRules.AddTime">
            <summary>
            添加时间
            </summary>
        </member>
        <member name="P:Better517Na.TicketRuleService.Contract.MInvalidTicketRules.ModifyTime">
            <summary>
            时间戳
            </summary>
        </member>
        <member name="T:Better517Na.TicketRuleService.Contract.ITicketRuleService">
            <summary>
            ITicketRuleService类 
            </summary>
        </member>
        <member name="M:Better517Na.TicketRuleService.Contract.ITicketRuleService.ReturnTicketMatchRule(System.String,System.String,System.DateTime,System.DateTime,System.Collections.Generic.Dictionary{System.String,System.Object},Better.Infrastructures.Log.TrackID)">
            <summary>
            退款客规匹配
            </summary>
            <param name="carrierCode">承运人</param>
            <param name="seat">舱位</param>
            <param name="takeOffTime">起飞时间</param>
            <param name="ticketProcessTime">出票时间</param>
            <param name="extendInfo">参数扩展信息</param>
            <param name="trackId">trackId</param>
            <returns>返回结果</returns>
        </member>
        <member name="M:Better517Na.TicketRuleService.Contract.ITicketRuleService.MatchTicketRule(Better517Na.TicketRuleService.Contract.MatchTicketArg,System.Boolean)">
            <summary>
            退票客规匹配
            </summary>
            <param name="matchArg">客规匹配参数</param>
            <param name="IsCompute">是否计算手续费</param>
            <returns>返回客规匹配结果</returns>
        </member>
        <member name="M:Better517Na.TicketRuleService.Contract.ITicketRuleService.AddTicketRule(Better517Na.TicketRuleService.Model.MTicketRules)">
            <summary>
            添加客规
            </summary>
            <param name="ticketRule">客规对象</param>
            <returns>是否添加成功</returns>
        </member>
        <member name="M:Better517Na.TicketRuleService.Contract.ITicketRuleService.UpdateTicketRule(Better517Na.TicketRuleService.Model.MTicketRules)">
            <summary>
            更新客规
            </summary>
            <param name="ticketRule">客规对象</param>
            <returns>是否更新成功</returns>
        </member>
        <member name="M:Better517Na.TicketRuleService.Contract.ITicketRuleService.DeleteTicketRule(System.String)">
            <summary>
            删除客规
            </summary>
            <param name="ruleKey">客规id</param>
            <returns>是否删除成功</returns>
        </member>
        <member name="M:Better517Na.TicketRuleService.Contract.ITicketRuleService.DeleteTicketRuleByList(System.Collections.Generic.List{System.String})">
            <summary>
            批量删除客规
            </summary>
            <param name="ruleIdlist">客规id列表</param>
            <returns>是否删除成功</returns>
        </member>
        <member name="M:Better517Na.TicketRuleService.Contract.ITicketRuleService.DeleteInvalidTicketRules(System.String)">
            <summary>
            删除废票客规的
            </summary>
            <param name="keyid">废票ID</param>
            <returns>是否删除成功</returns>
        </member>
        <member name="M:Better517Na.TicketRuleService.Contract.ITicketRuleService.DeleteInvalidTicketRulesList(System.Collections.Generic.List{System.String})">
            <summary>
            批量删除废票客规
            </summary>
            <param name="rulesList">主键集合</param>
            <returns>是否删除成功</returns>
        </member>
        <member name="M:Better517Na.TicketRuleService.Contract.ITicketRuleService.GetInvalidTicketRulesByKeyID(System.String)">
            <summary>
            获取废票对象Model
            </summary>
            <param name="keyId">主键</param>
            <returns>Model对象</returns>
        </member>
        <member name="M:Better517Na.TicketRuleService.Contract.ITicketRuleService.AddInvalidTicketRules(Better517Na.TicketRuleService.Contract.MInvalidTicketRules)">
            <summary>
            添加废票客规
            </summary>
            <param name="minvalidTicketRules">废票客规Model对象</param>
            <returns>是否成功</returns>
        </member>
        <member name="M:Better517Na.TicketRuleService.Contract.ITicketRuleService.UpdateInvalidTicketRules(Better517Na.TicketRuleService.Contract.MInvalidTicketRules)">
            <summary>
            更新废票客规
            </summary>
            <param name="minvalidTicketRules">废票客规Model对象</param>
            <returns>是否成功</returns>
        </member>
        <member name="M:Better517Na.TicketRuleService.Contract.ITicketRuleService.GetTicketRules(System.String)">
            <summary>
            得到客规model
            </summary>
            <param name="keyID">客规ID</param>
            <returns>客规model</returns>
        </member>
        <member name="M:Better517Na.TicketRuleService.Contract.ITicketRuleService.GetTicketRuleRate(System.Collections.Generic.List{System.String})">
            <summary>
            获取所有客规的客规手续费
            </summary>
            <param name="ruleKeyIDList">客规ID列表</param>
            <returns>所有客规的客规手续费列表</returns>
        </member>
        <member name="M:Better517Na.TicketRuleService.Contract.ITicketRuleService.VoidTicketMatchRule(System.String,System.DateTime,System.DateTime,System.Boolean,System.Collections.Generic.Dictionary{System.String,System.Object},Better.Infrastructures.Log.TrackID)">
            <summary>
            废票客规匹配
            </summary>
            <param name="carrierCode">承运人</param>
            <param name="takeOffTime">起飞时间</param>
            <param name="outTicketTime">出票时间</param>
            <param name="isBspTicket">是否为BSP票</param>
            <param name="extendInfo">参数扩展信息</param>
            <param name="trackId">trackId</param>
            <returns>返回结果</returns>
        </member>
        <member name="M:Better517Na.TicketRuleService.Contract.ITicketRuleService.GetInvalidTicketRules(System.String)">
            <summary>
            根据承运人获取废票客规Model
            </summary>
            <param name="carrierCode">承运人</param>
            <returns>废票客规model</returns>
        </member>
        <member name="M:Better517Na.TicketRuleService.Contract.ITicketRuleService.GetInvalidTicketRuleString(System.String)">
            <summary>
            根据承运人获取废票客规规定
            </summary>
            <param name="carrierCode">承运人</param>
            <returns>废票客规</returns>
        </member>
        <member name="T:Better517Na.TicketRuleService.Contract.MatchTicketArg">
            <summary>
            MatchTicketArg类（客规匹配参数）
            </summary>
        </member>
        <member name="P:Better517Na.TicketRuleService.Contract.MatchTicketArg.CarrierCode">
            <summary>
            承运人
            </summary>
        </member>
        <member name="P:Better517Na.TicketRuleService.Contract.MatchTicketArg.PassangerType">
            <summary>
            乘客类型(0:成人客规 1:儿童客规 2:婴儿客规)
            </summary>
        </member>
        <member name="P:Better517Na.TicketRuleService.Contract.MatchTicketArg.FlightNum">
            <summary>
            航班号
            </summary>
        </member>
        <member name="P:Better517Na.TicketRuleService.Contract.MatchTicketArg.Seat">
            <summary>
            座位号
            </summary>
        </member>
        <member name="P:Better517Na.TicketRuleService.Contract.MatchTicketArg.TakeOffTime">
            <summary>
            起飞时间
            </summary>
        </member>
        <member name="P:Better517Na.TicketRuleService.Contract.MatchTicketArg.TicketProcessTime">
            <summary>
            出票时间
            </summary>
        </member>
        <member name="P:Better517Na.TicketRuleService.Contract.MatchTicketArg.FromCity">
            <summary>
            出发城市
            </summary>
        </member>
        <member name="P:Better517Na.TicketRuleService.Contract.MatchTicketArg.ToCity">
            <summary>
            到达城市
            </summary>
        </member>
        <member name="P:Better517Na.TicketRuleService.Contract.MatchTicketArg.IsSpecialSkyway">
            <summary>
            是否是特殊航线
            </summary>
        </member>
        <member name="P:Better517Na.TicketRuleService.Contract.MatchTicketArg.MatchOrderId">
            <summary>
            匹配订单
            </summary>
        </member>
        <member name="P:Better517Na.TicketRuleService.Contract.MatchTicketArg.MatchTicketId">
            <summary>
            匹配客规的乘机人（为null或者为空说明全部人匹配，主要是在申请退票时，可能会有部分人申请，因此需要传入匹配的乘机人id）
            </summary>
        </member>
        <member name="P:Better517Na.TicketRuleService.Contract.MatchTicketArg.CanclePnrTimeList">
            <summary>
            取位时间 （用于在外面手动输入取位时间，而不是在客规里面获取，没有可以不用传）
            </summary>
        </member>
        <member name="T:Better517Na.TicketRuleService.Contract.MatchTicketReturnArg">
            <summary>
            MatchTicketReturnArg类 
            </summary>
        </member>
        <member name="P:Better517Na.TicketRuleService.Contract.MatchTicketReturnArg.MatchOrderId">
            <summary>
            匹配客规定订单编号
            </summary>
        </member>
        <member name="P:Better517Na.TicketRuleService.Contract.MatchTicketReturnArg.IsExistRule">
            <summary>
            是否存在客规
            </summary>
        </member>
        <member name="P:Better517Na.TicketRuleService.Contract.MatchTicketReturnArg.ChargeType">
            <summary>
            手续费计算方式
            0:对应舱位票面价  1:对应舱位公布运价   2:指定舱位公布运价 
            </summary>
        </member>
        <member name="P:Better517Na.TicketRuleService.Contract.MatchTicketReturnArg.AppointSeat">
            <summary>
            指定舱位
            </summary>
        </member>
        <member name="P:Better517Na.TicketRuleService.Contract.MatchTicketReturnArg.TicketRuleRates">
            <summary>
            客规费率
            </summary>
        </member>
        <member name="P:Better517Na.TicketRuleService.Contract.MatchTicketReturnArg.UsingRate">
            <summary>
            订单使用费率
            </summary>
        </member>
        <member name="P:Better517Na.TicketRuleService.Contract.MatchTicketReturnArg.CanclePnrTime">
            <summary>
            取消 PNR 时间
            </summary>
        </member>
        <member name="P:Better517Na.TicketRuleService.Contract.MatchTicketReturnArg.IsPtFirstAudit">
            <summary>
            是否转平台一审
            </summary>
        </member>
        <member name="P:Better517Na.TicketRuleService.Contract.MatchTicketReturnArg.Reason">
            <summary>
            转平台一审理由
            </summary>
        </member>
        <member name="P:Better517Na.TicketRuleService.Contract.MatchTicketReturnArg.IsNoCancelPnr">
            <summary>
            编码是否未取消
            </summary>
        </member>
        <member name="P:Better517Na.TicketRuleService.Contract.MatchTicketReturnArg.Remark">
            <summary>
            备注信息
            </summary>
        </member>
        <member name="P:Better517Na.TicketRuleService.Contract.MatchTicketReturnArg.FdPrice">
            <summary>
            运价
            </summary>
        </member>
        <member name="P:Better517Na.TicketRuleService.Contract.MatchTicketReturnArg.HandlingCharge">
            <summary>
            手续费
            </summary>
        </member>
    </members>
</doc>
