<?xml version="1.0"?>
<doc>
    <assembly>
        <name>DemosticTicket.BussinessDataManager.Helper</name>
    </assembly>
    <members>
        <member name="F:DemosticTicket.BussinessDataManager.Helper.BaseAreaServiceHelper.logBus">
            <summary>
            日志组件业务对象
            </summary>
        </member>
        <member name="F:DemosticTicket.BussinessDataManager.Helper.BaseAreaServiceHelper.client">
            <summary>
            行政策区划服务 本地代理
            </summary>
        </member>
        <member name="M:DemosticTicket.BussinessDataManager.Helper.BaseAreaServiceHelper.GetProvinces(Better.Infrastructures.Log.TrackID)">
            <summary>
            获取省份
            </summary>
            <param name="trackID"></param>
            <returns></returns>
        </member>
        <member name="F:DemosticTicket.BussinessDataManager.Helper.FlightChangeLockHelper.logBus">
            <summary>
            日志组件业务对象
            </summary>
        </member>
        <member name="F:DemosticTicket.BussinessDataManager.Helper.FlightChangeLockHelper.client">
            <summary>
            航班变动规则设置服务 本地代理
            </summary>
        </member>
        <member name="F:DemosticTicket.BussinessDataManager.Helper.FlightChangeLockHelper.endPointAddress">
            <summary>
            配置节点地址
            </summary>
        </member>
        <member name="M:DemosticTicket.BussinessDataManager.Helper.FlightChangeLockHelper.#cctor">
            <summary>
            城市限制服务调用帮助
            </summary>
        </member>
        <member name="M:DemosticTicket.BussinessDataManager.Helper.FlightChangeLockHelper.GetFlightLocks(System.Collections.Generic.List{System.String},Better.Infrastructures.Log.TrackID)">
            <summary>
            获取订单锁
            </summary>
            <param name="ids"></param>
            <param name="trackId"></param>
            <returns></returns>
        </member>
        <member name="M:DemosticTicket.BussinessDataManager.Helper.FlightChangeLockHelper.UpdateLock(DemosticTicket.BussinessDataManager.Model.MFlightChangeLock,Better.Infrastructures.Log.TrackID)">
            <summary>
            更行订单锁
            </summary>
            <param name="id"></param>
            <param name="trackId"></param>
            <returns></returns>
        </member>
        <member name="F:DemosticTicket.BussinessDataManager.Helper.ChdTicketSaleSettingServiceHelper.logBus">
            <summary>
            日志组件业务对象
            </summary>
        </member>
        <member name="F:DemosticTicket.BussinessDataManager.Helper.ChdTicketSaleSettingServiceHelper.client">
            <summary>
            儿童票规则设置服务 本地代理
            </summary>
        </member>
        <member name="M:DemosticTicket.BussinessDataManager.Helper.ChdTicketSaleSettingServiceHelper.AddChdTicketSaleSetting(DemosticTicket.BussinessDataManager.Model.MChdTicketSaleSetting,Better.Infrastructures.Log.TrackID)">
            <summary>
            添加儿童票规则
            </summary>
            <param name="model"></param>
            <param name="trackID"></param>
        </member>
        <member name="M:DemosticTicket.BussinessDataManager.Helper.ChdTicketSaleSettingServiceHelper.GetChdTicketSaleSettingById(System.String,Better.Infrastructures.Log.TrackID)">
            <summary>
            获取一个儿童票设置规则
            </summary>
            <param name="settingId"></param>
            <param name="trackID"></param>
            <returns></returns>
        </member>
        <member name="T:DemosticTicket.BussinessDataManager.Helper.B2bPnrManagerHelper">
            <summary>
            存储通过B2B网站生成的PNR编码信息Helper
            </summary>
        </member>
        <member name="F:DemosticTicket.BussinessDataManager.Helper.B2bPnrManagerHelper.logBus">
            <summary>
            日志组件业务对象
            </summary>
        </member>
        <member name="F:DemosticTicket.BussinessDataManager.Helper.B2bPnrManagerHelper.client">
            <summary>
            B2B预定业务库服务 本地代理
            </summary>
        </member>
        <member name="F:DemosticTicket.BussinessDataManager.Helper.B2bPnrManagerHelper.endPointAddress">
            <summary>
            配置节点地址
            </summary>
        </member>
        <member name="M:DemosticTicket.BussinessDataManager.Helper.B2bPnrManagerHelper.#ctor">
            <summary>
            B2bPnrManagerHelper
            </summary>
        </member>
        <member name="M:DemosticTicket.BussinessDataManager.Helper.B2bPnrManagerHelper.AddB2bPnrManager(DemosticTicket.BussinessDataManager.Model.MB2bPNRManager,Better.Infrastructures.Log.TrackID)">
            <summary>
            添加PNR编码信息
            </summary>
            <param name="pnr">model</param>
            <param name="trackId">trackId</param>
            <returns>PNR编码信息</returns>
        </member>
        <member name="M:DemosticTicket.BussinessDataManager.Helper.B2bPnrManagerHelper.UpdatePnrStatus(System.DateTime,System.String,System.Int32,Better.Infrastructures.Log.TrackID)">
            <summary>
            更新pnr状态
            </summary>
            <param name="createTime">pnr创建时间</param>
            <param name="pnr">大编码</param>
            <param name="status">pnr状态</param>
            <param name="trackId">trackId</param>
            <returns>PNR编码信息</returns>
        </member>
        <member name="M:DemosticTicket.BussinessDataManager.Helper.B2bPnrManagerHelper.CanclePnr(System.String,System.String,Better.Infrastructures.Log.TrackID)">
            <summary>
            批量取消编码
            </summary>
            <param name="where">更新条件</param>
            <param name="createTime">编码创建时间</param>
            <param name="trackId">trackId</param>
            <returns>是否成功</returns>
        </member>
        <member name="T:DemosticTicket.BussinessDataManager.Helper.SuspendReasonEtermConfigDataServiceHelper">
            <summary>
            暂不能配置相关信息服务辅助调用类
            </summary>
        </member>
        <member name="F:DemosticTicket.BussinessDataManager.Helper.SuspendReasonEtermConfigDataServiceHelper.logBus">
            <summary>
            日志组件业务对象............
            </summary>
        </member>
        <member name="M:DemosticTicket.BussinessDataManager.Helper.SuspendReasonEtermConfigDataServiceHelper.GetSuspendReasonEtermConfig(Better.Infrastructures.Log.TrackID)">
            <summary>
            根据处理器ID获取配置信息
            </summary>
            <param name="trackID">跟踪ID</param>
            <returns>配置信息对象</returns>
        </member>
        <member name="M:DemosticTicket.BussinessDataManager.Helper.SuspendReasonEtermConfigDataServiceHelper.SaveSuspendReasonEtermConfig(System.Collections.Generic.List{DemosticTicket.BussinessDataManager.Model.MSuspendTicketConfig},Better.Infrastructures.Log.TrackID)">
            <summary>
            添加或者保存配置信息
            </summary>
            <param name="listModel">配置信息列表</param>
            <param name="trackID">跟踪ID</param>
        </member>
        <member name="T:DemosticTicket.BussinessDataManager.Helper.DeptParamHelper">
            <summary>
            DeptParamHelper类 
            </summary>
        </member>
        <member name="F:DemosticTicket.BussinessDataManager.Helper.DeptParamHelper.logBus">
            <summary>
            日志组件业务对象
            </summary>
        </member>
        <member name="F:DemosticTicket.BussinessDataManager.Helper.DeptParamHelper.client">
            <summary>
            航班变动规则设置服务 本地代理
            </summary>
        </member>
        <member name="F:DemosticTicket.BussinessDataManager.Helper.DeptParamHelper.endPointAddress">
            <summary>
            配置节点地址
            </summary>
        </member>
        <member name="M:DemosticTicket.BussinessDataManager.Helper.DeptParamHelper.#cctor">
            <summary>
            平台代退参数设置帮助类
            </summary>
        </member>
        <member name="M:DemosticTicket.BussinessDataManager.Helper.DeptParamHelper.InsertDeptParam(DemosticTicket.BussinessDataManager.Model.MDeptParam,Better.Infrastructures.Log.TrackID)">
            <summary>
            添加部门配置参数设置
            </summary>
            <param name="model">部门信息</param>
            <param name="trackID">跟踪ID</param>
        </member>
        <member name="T:DemosticTicket.BussinessDataManager.Helper.ReviewB2BSettingServiceHelper">
            <summary>
            复核设置Helper
            </summary>
        </member>
        <member name="F:DemosticTicket.BussinessDataManager.Helper.ReviewB2BSettingServiceHelper.logBus">
            <summary>
            日志组件
            </summary>
        </member>
        <member name="F:DemosticTicket.BussinessDataManager.Helper.ReviewB2BSettingServiceHelper.client">
            <summary>
            本地代理
            </summary>
        </member>
        <member name="F:DemosticTicket.BussinessDataManager.Helper.ReviewB2BSettingServiceHelper.endPointAddress">
            <summary>
            endPointAddress
            </summary>
        </member>
        <member name="M:DemosticTicket.BussinessDataManager.Helper.ReviewB2BSettingServiceHelper.#cctor">
            <summary>
            ReviewB2BSettingServiceHelper
            </summary>
        </member>
        <member name="M:DemosticTicket.BussinessDataManager.Helper.ReviewB2BSettingServiceHelper.AddB2BSettingModel(DemosticTicket.BussinessDataManager.Model.MReviewB2BSetting,Better.Infrastructures.Log.TrackID)">
            <summary>
            添加航司信息
            </summary>
            <param name="model">实体对象model</param>
            <param name="trackID">跟踪ID</param>
            <returns>true:添加成功，false:添加失败</returns>
        </member>
        <member name="M:DemosticTicket.BussinessDataManager.Helper.ReviewB2BSettingServiceHelper.UpdateB2BSettingModel(DemosticTicket.BussinessDataManager.Model.MReviewB2BSetting,Better.Infrastructures.Log.TrackID)">
            <summary>
            修改航司信息
            </summary>
            <param name="model">航司实体对象Model</param>
            <param name="trackID">跟踪ID</param>
            <returns>ture:修改成功，false:修改失败</returns>
        </member>
        <member name="M:DemosticTicket.BussinessDataManager.Helper.ReviewB2BSettingServiceHelper.UpdateB2BSettingStatus(System.String,System.Int32,Better.Infrastructures.Log.TrackID)">
            <summary>
            修改航司状态、启用禁用
            </summary>
            <param name="keyId">主键ID</param>
            <param name="status">状态：0有效，1无效</param>
            <param name="trackID">跟踪ID</param>
            <returns>是否修改成功</returns>
        </member>
        <member name="M:DemosticTicket.BussinessDataManager.Helper.ReviewB2BSettingServiceHelper.IsExistsB2BSetting(System.String,Better.Infrastructures.Log.TrackID)">
            <summary>
            航司是否存在
            </summary>
            <param name="carrier">航司</param>
            <param name="trackID">跟踪ID</param>
            <returns>true:存在，false:不存在</returns>
        </member>
        <member name="M:DemosticTicket.BussinessDataManager.Helper.ReviewB2BSettingServiceHelper.GetB2bSettingList(Better.Infrastructures.Log.TrackID)">
            <summary>
            获取所所有航司设置数据
            </summary>
            <param name="trackID">跟踪码</param>
            <returns>返回List数据</returns>
        </member>
        <member name="F:DemosticTicket.BussinessDataManager.Helper.RefundingHelper.logBus">
            <summary>
            日志组件业务对象
            </summary>
        </member>
        <member name="F:DemosticTicket.BussinessDataManager.Helper.RefundingHelper.client">
            <summary>
            退款中服务
            </summary>
        </member>
        <member name="F:DemosticTicket.BussinessDataManager.Helper.RefundingHelper.endPointAddress">
            <summary>
            配置节点地址
            </summary>
        </member>
        <member name="M:DemosticTicket.BussinessDataManager.Helper.RefundingHelper.#cctor">
            <summary>
            平台代退参数设置帮助类
            </summary>
        </member>
        <member name="M:DemosticTicket.BussinessDataManager.Helper.RefundingHelper.UpdateRuleAndRuleDeptRel(DemosticTicket.BussinessDataManager.Model.MRefundingRule,Better.Infrastructures.Log.TrackID)">
            <summary>
            更新部门规则关联
            </summary>
            <param name="refundingRule">规则对象</param>
            <param name="refundingRuleDeptRel">规则部门关联对象</param>
            <param name="trackID">跟踪码</param>
            <returns>是否成功</returns>
        </member>
        <member name="M:DemosticTicket.BussinessDataManager.Helper.RefundingHelper.GetRuleInfo(System.Int32,Better.Infrastructures.Log.TrackID)">
            <summary>
            根据规则ID获取规则信息
            </summary>
            <param name="ruleID">规则ID</param>
            <returns>规则信息</returns>
        </member>
        <member name="M:DemosticTicket.BussinessDataManager.Helper.RefundingHelper.UpdateRule(DemosticTicket.BussinessDataManager.Model.MRefundingRule,Better.Infrastructures.Log.TrackID)">
            <summary>
            更新规则
            </summary>
            <param name="refundingRule">规则信息</param>
            <returns>是否成功</returns>
        </member>
        <member name="M:DemosticTicket.BussinessDataManager.Helper.RefundingHelper.GetModelByRuleID(System.Int32,System.Int32,Better.Infrastructures.Log.TrackID)">
            <summary>
            根据规则ID，角色类型获取部门关联信息
            </summary>
            <param name="ruleID">规则ID</param>
            <param name="roleType">角色类型</param>
            <param name="trackID">跟踪码</param>
            <returns>对象</returns>
        </member>
        <member name="T:DemosticTicket.BussinessDataManager.Helper.PtdtParamSettingHelper">
            <summary>
            平台代退参数设置帮助类
            </summary>
        </member>
        <member name="F:DemosticTicket.BussinessDataManager.Helper.PtdtParamSettingHelper.logBus">
            <summary>
            日志组件业务对象
            </summary>
        </member>
        <member name="F:DemosticTicket.BussinessDataManager.Helper.PtdtParamSettingHelper.client">
            <summary>
            航班变动规则设置服务 本地代理
            </summary>
        </member>
        <member name="F:DemosticTicket.BussinessDataManager.Helper.PtdtParamSettingHelper.endPointAddress">
            <summary>
            配置节点地址
            </summary>
        </member>
        <member name="M:DemosticTicket.BussinessDataManager.Helper.PtdtParamSettingHelper.#cctor">
            <summary>
            平台代退参数设置帮助类
            </summary>
        </member>
        <member name="M:DemosticTicket.BussinessDataManager.Helper.PtdtParamSettingHelper.UpdateConfigParam(System.Collections.Generic.List{DemosticTicket.BussinessDataManager.Model.MPtdtEMConfig},Better.Infrastructures.Log.TrackID)">
            <summary>
            更新代退配置参数设置（如果设置表中未找到承运人的设置信息则作增加操作，否则作更新操作）
            </summary>
            <param name="modelList">代退参数设置model列表</param>
            <param name="trackID">TrackID</param>
            <returns>成功或者失败（失败包含错误信息），1：成功  0|xx：失败</returns>
        </member>
        <member name="M:DemosticTicket.BussinessDataManager.Helper.PtdtParamSettingHelper.DeleteConfigParam(System.String,Better.Infrastructures.Log.TrackID)">
            <summary>
            删除代退配置参数设置
            </summary>
            <param name="keyID">主键ID</param>
            <param name="trackID">TrackID</param>
            <returns>是否成功</returns>
        </member>
        <member name="M:DemosticTicket.BussinessDataManager.Helper.PtdtParamSettingHelper.UpdateUpLimitReturnBalance(System.Decimal,Better.Infrastructures.Log.TrackID)">
            <summary>
            更新代退上限金额同时用提交读的方式实时计算更新瞬间的余额返回
            </summary>
            <param name="newTopLimit">新上限金额</param>
            <param name="trackID">TrackID</param>
            <returns>余额</returns>
        </member>
        <member name="T:DemosticTicket.BussinessDataManager.Helper.CityLimitServiceHelper">
            <summary>
            城市限制服务调用帮助类
            </summary>
        </member>
        <member name="F:DemosticTicket.BussinessDataManager.Helper.CityLimitServiceHelper.logBus">
            <summary>
            日志组件业务对象
            </summary>
        </member>
        <member name="F:DemosticTicket.BussinessDataManager.Helper.CityLimitServiceHelper.client">
            <summary>
            儿童票规则设置服务 本地代理
            </summary>
        </member>
        <member name="F:DemosticTicket.BussinessDataManager.Helper.CityLimitServiceHelper.endPointAddress">
            <summary>
            配置节点地址
            </summary>
        </member>
        <member name="M:DemosticTicket.BussinessDataManager.Helper.CityLimitServiceHelper.#cctor">
            <summary>
            城市限制服务调用帮助
            </summary>
        </member>
        <member name="M:DemosticTicket.BussinessDataManager.Helper.CityLimitServiceHelper.AddDeptCityLimit(DemosticTicket.BussinessDataManager.Model.MDeptLimit,DemosticTicket.BussinessDataManager.Model.MLimitCity,Better.Infrastructures.Log.TrackID)">
            <summary>
            添加部门设置添加城市限制信息
            </summary>
            <param name="deptLimit">部门设置model</param>
            <param name="limitCity">城市对象</param>
            <param name="trackID">TrackID</param>
            <returns>是否成功</returns>
        </member>
        <member name="M:DemosticTicket.BussinessDataManager.Helper.CityLimitServiceHelper.UpdateDeptAddCityLimit(DemosticTicket.BussinessDataManager.Model.MDeptLimit,DemosticTicket.BussinessDataManager.Model.MLimitCity,Better.Infrastructures.Log.TrackID)">
            <summary>
            更新部门设置添加城市限制信息
            </summary>
            <param name="deptLimit">部门设置model</param>
            <param name="limitCity">城市对象</param>
            <param name="trackID">TrackID</param>
            <returns>是否成功</returns>
        </member>
        <member name="M:DemosticTicket.BussinessDataManager.Helper.CityLimitServiceHelper.AddCityLimitData(DemosticTicket.BussinessDataManager.Model.MLimitCity,Better.Infrastructures.Log.TrackID)">
            <summary>
            添加城市限制
            </summary>
            <param name="limitCity">城市对象</param>
            <param name="trackID">TrackID</param>
            <returns>是否成功</returns>
        </member>
        <member name="M:DemosticTicket.BussinessDataManager.Helper.CityLimitServiceHelper.LogicDeleteLimitData(System.Int32,Better.Infrastructures.Log.TrackID)">
            <summary>
            逻辑删除城市限制信息
            </summary>
            <param name="id">主键ID</param>
            <param name="trackID">TrackID</param>
            <returns>是否成功</returns>
        </member>
        <member name="M:DemosticTicket.BussinessDataManager.Helper.CityLimitServiceHelper.GetDeptLimit(System.Int32,Better.Infrastructures.Log.TrackID)">
            <summary>
            获取部门限制设置城市信息
            </summary>
            <param name="deptID">部门id</param>
            <param name="trackID">跟踪ID</param>
            <returns>城市限制集合</returns>
        </member>
        <member name="M:DemosticTicket.BussinessDataManager.Helper.CityLimitServiceHelper.GetMlimitCity(System.Int32,Better.Infrastructures.Log.TrackID,System.Int32@)">
            <summary>
            通过部门id从mysql数据库获取受限城市及承运人（政策投放限制使用）
            </summary>
            <param name="deptID">部门id</param>
            <param name="trackID">跟踪ID</param>
            <param name="limitType">城市限制类型</param>
            <returns>城市限制对象集合</returns>
        </member>
        <member name="M:DemosticTicket.BussinessDataManager.Helper.CityLimitServiceHelper.GetMLimitCityList(System.Int32,Better.Infrastructures.Log.TrackID)">
            <summary>
            获取部门限制设置城市信息（政策投放限制使用）
            </summary>
            <param name="deptID">部门ID</param>
            <param name="trackID">跟踪ID</param>
            <returns>信息集合</returns>
        </member>
        <member name="T:DemosticTicket.BussinessDataManager.Helper.ReviewFailedHelper">
            <summary>
            复核失败返回供应商理由
            </summary>
        </member>
        <member name="F:DemosticTicket.BussinessDataManager.Helper.ReviewFailedHelper.logBus">
            <summary>
            日志组件
            </summary>
        </member>
        <member name="F:DemosticTicket.BussinessDataManager.Helper.ReviewFailedHelper.client">
            <summary>
            本地代理
            </summary>
        </member>
        <member name="F:DemosticTicket.BussinessDataManager.Helper.ReviewFailedHelper.endPointAddress">
            <summary>
            endPointAddress
            </summary>
        </member>
        <member name="M:DemosticTicket.BussinessDataManager.Helper.ReviewFailedHelper.#ctor">
            <summary>
            构造函数
            </summary>
        </member>
        <member name="M:DemosticTicket.BussinessDataManager.Helper.ReviewFailedHelper.AddFailedReason(DemosticTicket.BussinessDataManager.Model.MReviewFailedToSupplierRule,Better.Infrastructures.Log.TrackID)">
            <summary>
            增加一条数据
            </summary>
            <param name="model"></param>
            <param name="trackId"></param>
            <returns></returns>
        </member>
        <member name="M:DemosticTicket.BussinessDataManager.Helper.ReviewFailedHelper.UpdateFailedReason(DemosticTicket.BussinessDataManager.Model.MReviewFailedToSupplierRule,Better.Infrastructures.Log.TrackID)">
            <summary>
            更新理由
            </summary>
            <param name="failedReason"></param>
            <param name="staffId"></param>
            <param name="staffName"></param>
            <param name="keyId"></param>
            <param name="trackId"></param>
            <returns></returns>
        </member>
        <member name="M:DemosticTicket.BussinessDataManager.Helper.ReviewFailedHelper.UpdateStatus(System.String,System.Int32,Better.Infrastructures.Log.TrackID)">
            <summary>
            更新状态
            </summary>
            <param name="keyId"></param>
            <param name="isDelete"></param>
            <param name="trackId"></param>
            <returns></returns>
        </member>
        <member name="M:DemosticTicket.BussinessDataManager.Helper.ReviewFailedHelper.GetList(Better.Infrastructures.Log.TrackID)">
            <summary>
            获取列表
            </summary>
            <param name="trackId"></param>
            <returns></returns>
        </member>
        <member name="M:DemosticTicket.BussinessDataManager.Helper.ReviewFailedHelper.InsertAutoReviewFailedReason(System.String,System.String,Better.Infrastructures.Log.TrackID)">
            <summary>
            记录自动复核失败理由（仅供大平台半自动出票用）
            </summary>
            <param name="orderId">订单编号</param>
            <param name="reason">原因</param>
            <param name="trackId">trackId</param>
            <returns>返回影响行数</returns>
        </member>
        <member name="M:DemosticTicket.BussinessDataManager.Helper.ReviewFailedHelper.UpdateAutoReviewFailedReason(System.String,System.String,Better.Infrastructures.Log.TrackID)">
            <summary>
            更新自动复核失败理由（仅供大平台半自动出票用）
            </summary>
            <param name="orderId">订单编号</param>
            <param name="reason">原因</param>
            <param name="trackId">trackId</param>
            <returns>返回结果</returns>
        </member>
        <member name="T:DemosticTicket.BussinessDataManager.Helper.PtdtGroupSettingServiceHelper">
            <summary>
            代退组设置
            </summary>
        </member>
        <member name="F:DemosticTicket.BussinessDataManager.Helper.PtdtGroupSettingServiceHelper.logBus">
            <summary>
            日志组件
            </summary>
        </member>
        <member name="F:DemosticTicket.BussinessDataManager.Helper.PtdtGroupSettingServiceHelper.client">
            <summary>
            本地代理
            </summary>
        </member>
        <member name="F:DemosticTicket.BussinessDataManager.Helper.PtdtGroupSettingServiceHelper.endPointAddress">
            <summary>
            endPointAddress
            </summary>
        </member>
        <member name="M:DemosticTicket.BussinessDataManager.Helper.PtdtGroupSettingServiceHelper.#cctor">
            <summary>
            CalendarServiceHelper
            </summary>
        </member>
        <member name="M:DemosticTicket.BussinessDataManager.Helper.PtdtGroupSettingServiceHelper.GetPtdtGroup(System.String,Better.Infrastructures.Log.TrackID)">
            <summary>
            获取代退组信息
            </summary>
            <param name="groupID">组ID</param>
            <param name="trackID">TrackID</param>
            <returns>代退组model</returns>
        </member>
        <member name="M:DemosticTicket.BussinessDataManager.Helper.PtdtGroupSettingServiceHelper.UpdatePtdtGroup(DemosticTicket.BussinessDataManager.Model.MPtdtGroup,Better.Infrastructures.Log.TrackID)">
            <summary>
            更新代退组信息
            </summary>
            <param name="model">修改后的组信息</param>
            <param name="trackID">TrackID</param>
            <returns>是否更新成功</returns>
        </member>
        <member name="M:DemosticTicket.BussinessDataManager.Helper.PtdtGroupSettingServiceHelper.AddPtdtGroup(DemosticTicket.BussinessDataManager.Model.MPtdtGroup,Better.Infrastructures.Log.TrackID)">
            <summary>
            添加代退组信息
            </summary>
            <param name="model">添加的组信息</param>
            <param name="trackID">TrackID</param>
            <returns>返回添加组的GroupID</returns>
        </member>
        <member name="M:DemosticTicket.BussinessDataManager.Helper.PtdtGroupSettingServiceHelper.IsGroupNameRepeat(System.String,Better.Infrastructures.Log.TrackID)">
            <summary>
            判断组名是否重复
            </summary>
            <param name="groupName">组名</param>
            <param name="trackID">TrackID</param>
            <returns>组名是否重复</returns>
        </member>
        <member name="M:DemosticTicket.BussinessDataManager.Helper.PtdtGroupSettingServiceHelper.GetGroupName(System.String,Better.Infrastructures.Log.TrackID)">
            <summary>
            通过组ID获取组名
            </summary>
            <param name="groupID">组ID</param>
            <param name="trackID">TrackID</param>
            <returns>组名</returns>
        </member>
        <member name="M:DemosticTicket.BussinessDataManager.Helper.PtdtGroupSettingServiceHelper.BatchDeleteByGroupID(System.Collections.Generic.List{System.String},Better.Infrastructures.Log.TrackID)">
            <summary>
            通过组ID列表批量删除组信息
            </summary>
            <param name="groupIDList">组ID列表</param>
            <param name="trackID">TrackID</param>
            <returns>是否删除成功</returns>
        </member>
        <member name="M:DemosticTicket.BussinessDataManager.Helper.PtdtGroupSettingServiceHelper.UpdateGroupState(System.String,System.Boolean,Better.Infrastructures.Log.TrackID)">
            <summary>
            更新组启用禁用状态
            </summary>
            <param name="groupID">组ID</param>
            <param name="status">启用禁用状态</param>
            <param name="trackID">TrackID</param>
            <returns>是否更新成功</returns>
        </member>
        <member name="M:DemosticTicket.BussinessDataManager.Helper.PtdtGroupSettingServiceHelper.GetPtdtGroupExtra(System.String,Better.Infrastructures.Log.TrackID)">
            <summary>
            获取代退组扩展信息
            </summary>
            <param name="groupID">组ID</param>
            <param name="trackID">TrackID</param>
            <returns>代退组扩展信息</returns>
        </member>
        <member name="M:DemosticTicket.BussinessDataManager.Helper.PtdtGroupSettingServiceHelper.GetPtdtGroupReason(System.String,Better.Infrastructures.Log.TrackID)">
            <summary>
            获取代退组相关理由信息
            </summary>
            <param name="groupID">组ID</param>
            <param name="trackID">TrackID</param>
            <returns>理由列表信息</returns>
        </member>
        <member name="M:DemosticTicket.BussinessDataManager.Helper.PtdtGroupSettingServiceHelper.GetPtdtGroupStatus(System.String,Better.Infrastructures.Log.TrackID)">
            <summary>
            获取代退组相关订单状态信息
            </summary>
            <param name="groupID">组ID</param>
            <param name="trackID">TrackID</param>
            <returns>代退组订单状态信息</returns>
        </member>
        <member name="M:DemosticTicket.BussinessDataManager.Helper.PtdtGroupSettingServiceHelper.GetPtdtGroupCarrier(System.String,Better.Infrastructures.Log.TrackID)">
            <summary>
            获取代退组相关承运人信息
            </summary>
            <param name="groupID">组ID</param>
            <param name="trackID">TrackID</param>
            <returns>代退组承运人信息</returns>
        </member>
        <member name="M:DemosticTicket.BussinessDataManager.Helper.PtdtGroupSettingServiceHelper.UpdateCarrierInfo(System.String,System.Collections.Generic.List{DemosticTicket.BussinessDataManager.Model.MPtdtGroupCarrier},Better.Infrastructures.Log.TrackID)">
            <summary>
            更新代退组承运人信息
            </summary>
            <param name="carrierList">承运人实体类列表</param>
            <param name="trackID">TrackID</param>
            <returns>是否更新成功</returns>
        </member>
        <member name="M:DemosticTicket.BussinessDataManager.Helper.PtdtGroupSettingServiceHelper.UpdatePtdtGroupParamInfo(DemosticTicket.BussinessDataManager.Model.MPtdtGroupExtra,System.Collections.Generic.List{DemosticTicket.BussinessDataManager.Model.MPtdtGroupReason},System.Collections.Generic.List{System.Int32},Better.Infrastructures.Log.TrackID)">
            <summary>
            更新代退组相关参数信息
            </summary>
            <param name="groupExtra">组扩展信息表Model</param>
            <param name="groupReason">组相关理由表Model</param>
            <param name="groupOrderStatus">组相关订单状态表Model</param>
            <param name="trackID">TrackID</param>
            <returns>是否更新成功</returns>
        </member>
        <member name="M:DemosticTicket.BussinessDataManager.Helper.PtdtGroupSettingServiceHelper.AddPtdtGroupParamInfo(DemosticTicket.BussinessDataManager.Model.MPtdtGroupExtra,System.Collections.Generic.List{DemosticTicket.BussinessDataManager.Model.MPtdtGroupReason},System.Collections.Generic.List{System.Int32},Better.Infrastructures.Log.TrackID)">
            <summary>
            插入代退组相关参数信息
            </summary>
            <param name="groupExtra">组扩展信息表Model</param>
            <param name="groupReason">组相关理由表Model</param>
            <param name="groupOrderStatus">组相关订单状态表Model</param>
            <param name="trackID">TrackID</param>
            <returns>是否添加</returns>
        </member>
        <member name="M:DemosticTicket.BussinessDataManager.Helper.PtdtGroupSettingServiceHelper.GetPtdtGroupDeptList(System.String,Better.Infrastructures.Log.TrackID)">
            <summary>
            获取代退组相关部门信息
            </summary>
            <param name="groupID">组ID</param>
            <param name="trackID">TrackID</param>
            <returns>列表信息</returns>
        </member>
        <member name="M:DemosticTicket.BussinessDataManager.Helper.PtdtGroupSettingServiceHelper.GetPtdtGroupList(System.String,Better.Infrastructures.Log.TrackID)">
            <summary>
            根据条件获取用户组信息
            </summary>
            <param name="strWhere">条件</param>
            <returns>组名</returns>
        </member>
        <member name="M:DemosticTicket.BussinessDataManager.Helper.PtdtGroupSettingServiceHelper.BatchDeleteDeptInfo(System.String,System.Collections.Generic.List{System.Int32},Better.Infrastructures.Log.TrackID)">
            <summary>
            删除代退组相关部门信息
            </summary>
            <param name="groupId">组ID</param>
            <param name="deptIds">部门ID列表</param>
            <param name="trackID">TrackID</param>
            <returns>是否删除成功</returns>
        </member>
        <member name="M:DemosticTicket.BussinessDataManager.Helper.PtdtGroupSettingServiceHelper.AddPtdtGroupDeptInfo(System.String,System.Collections.Generic.List{System.Int32},System.Collections.Generic.List{DemosticTicket.BussinessDataManager.Model.MPtdtGroupDept},Better.Infrastructures.Log.TrackID)">
            <summary>
            添加代退组相关部门信息
            </summary>
            <param name="groupId">组ID</param>
            <param name="deptIds">部门ID列表</param>
            <param name="listGroupDept">角色类型</param>
            <param name="trackID">TrackID</param>
            <returns>是否添加成功</returns>
        </member>
        <member name="M:DemosticTicket.BussinessDataManager.Helper.PtdtGroupSettingServiceHelper.GetVipPoolTempDescList(System.Collections.Generic.List{System.String},Better.Infrastructures.Log.TrackID)">
            <summary>
            根据部门ID返回描述信息
            </summary>
            <param name="deptIDList">DeptIDList部门ID信息</param>
            <param name="trackID">TrackID</param>
            <returns>返回根据部门ID返回描述信息List</returns>
        </member>
        <member name="M:DemosticTicket.BussinessDataManager.Helper.PtdtGroupSettingServiceHelper.GetDeptExtraList(System.Collections.Generic.List{System.String},Better.Infrastructures.Log.TrackID)">
             <summary>
            根据部门ID获取销售人信息
             </summary>
             <param name="deptIDList">部门iD</param>
             <param name="trackID">TrackID</param>
             <returns>返回部门List信息</returns>
        </member>
        <member name="M:DemosticTicket.BussinessDataManager.Helper.PtdtGroupSettingServiceHelper.GetPurchaserRiskMoneyByDeptId(System.Int32,Better.Infrastructures.Log.TrackID)">
            <summary>
            获取对应部门的风险金，如果部门不存在任何组中返回-1
            </summary>
            <param name="deptId"></param>
            <param name="trackID"></param>
            <returns></returns>
        </member>
        <member name="M:DemosticTicket.BussinessDataManager.Helper.PtdtGroupSettingServiceHelper.GetSupplierInfoToBind(System.Collections.Generic.List{DemosticTicket.BussinessDataManager.Model.MBoundSupplierInfo},Better.Infrastructures.Log.TrackID)">
            <summary>
            获取登陆次数和退款专员进行列表后期绑定
            </summary>
            <param name="supplierInfo">只会传入id和账号</param>
            <param name="trackID"></param>
            <returns></returns>
        </member>
        <member name="M:DemosticTicket.BussinessDataManager.Helper.PtdtGroupSettingServiceHelper.GetSupplierInfoFromDptByDeptId(System.Int32,Better.Infrastructures.Log.TrackID)">
            <summary>
            根据id获取要添加到供应商表的供应商信息
            </summary>
            <param name="deptId"></param>
            <param name="trackID"></param>
            <returns></returns>
        </member>
        <member name="M:DemosticTicket.BussinessDataManager.Helper.PtdtGroupSettingServiceHelper.UpdateOrInsertPtdtGroupSupplier(DemosticTicket.BussinessDataManager.Model.MPtdtGroupSupplier,Better.Infrastructures.Log.TrackID)">
            <summary>
            添加供应到供应代退组
            </summary>
            <param name="groupSupplier"></param>
            <param name="trackID"></param>
        </member>
        <member name="M:DemosticTicket.BussinessDataManager.Helper.PtdtGroupSettingServiceHelper.DeletePtdtGroupSupplier(System.String,Better.Infrastructures.Log.TrackID)">
            <summary>
            从代退组移除供应商
            </summary>
            <param name="keyID"></param>
            <param name="trackID"></param>
        </member>
        <member name="M:DemosticTicket.BussinessDataManager.Helper.PtdtGroupSettingServiceHelper.GetEnabledGroupModelByGroupType(System.Int32,Better.Infrastructures.Log.TrackID)">
            <summary>
            根据组类型获取可用的组
            </summary>
            <param name="GroupType"></param>
            <param name="trackID"></param>
            <returns></returns>
        </member>
        <member name="F:DemosticTicket.BussinessDataManager.Helper.CalendarServiceHelper.logBus">
            <summary>
            日志组件业务对象
            </summary>
        </member>
        <member name="F:DemosticTicket.BussinessDataManager.Helper.CalendarServiceHelper.client">
            <summary>
            行政策区划服务 本地代理
            </summary>
        </member>
        <member name="M:DemosticTicket.BussinessDataManager.Helper.CalendarServiceHelper.GetYears(Better.Infrastructures.Log.TrackID)">
            <summary>
            获取年份
            </summary>
            <param name="trackID"></param>
            <returns></returns>
        </member>
        <member name="M:DemosticTicket.BussinessDataManager.Helper.CalendarServiceHelper.GetYearDates(System.Int32,Better.Infrastructures.Log.TrackID)">
            <summary>
            获取年历
            </summary>
            <param name="trackID"></param>
            <returns></returns>
        </member>
        <member name="M:DemosticTicket.BussinessDataManager.Helper.CalendarServiceHelper.SetVipWorkDays(System.String[],System.Int32[],Better.Infrastructures.Log.TrackID)">
            <summary>
            设置VIP工作日
            </summary>
            <param name="natureDates"></param>
            <param name="workDays"></param>
            <param name="trackID"></param>
            <returns></returns>
        </member>
        <member name="T:DemosticTicket.BussinessDataManager.Helper.PlatBizParaServiceHelper">
            <summary>
            平台业务参数设置
            </summary>
        </member>
        <member name="F:DemosticTicket.BussinessDataManager.Helper.PlatBizParaServiceHelper.logBus">
            <summary>
            日志组件
            </summary>
        </member>
        <member name="F:DemosticTicket.BussinessDataManager.Helper.PlatBizParaServiceHelper.client">
            <summary>
            本地代理
            </summary>
        </member>
        <member name="F:DemosticTicket.BussinessDataManager.Helper.PlatBizParaServiceHelper.endPointAddress">
            <summary>
            endPointAddress
            </summary>
        </member>
        <member name="M:DemosticTicket.BussinessDataManager.Helper.PlatBizParaServiceHelper.#cctor">
            <summary>
            CalendarServiceHelper
            </summary>
        </member>
        <member name="M:DemosticTicket.BussinessDataManager.Helper.PlatBizParaServiceHelper.GetParas(System.String,Better.Infrastructures.Log.TrackID)">
            <summary>
            获取业务参数
            </summary>
            <param name="groupFlag">参数组标识</param>
            <param name="trackID">TrackID</param>
            <returns>业务参数(多个)</returns>
        </member>
        <member name="M:DemosticTicket.BussinessDataManager.Helper.PlatBizParaServiceHelper.GetPara(System.String,System.String,Better.Infrastructures.Log.TrackID)">
            <summary>
            获取业务参数
            </summary>
            <param name="groupFlag">参数组标识</param>
            <param name="paraFlag">参数标识</param>
            <param name="trackID">TrackID</param>
            <returns>业务参数(单个)</returns>
        </member>
        <member name="M:DemosticTicket.BussinessDataManager.Helper.PlatBizParaServiceHelper.UpdateParas(System.Collections.Generic.Dictionary{System.String,DemosticTicket.BussinessDataManager.Model.MPlatBizPara},Better.Infrastructures.Log.TrackID)">
            <summary>
            更新业务参数
            </summary>
            <param name="paras">业务参数</param>
            <param name="trackID">TrackID</param>
            <returns>更新成功</returns>
        </member>
        <member name="M:DemosticTicket.BussinessDataManager.Helper.PlatBizParaServiceHelper.AddRiskMoney(DemosticTicket.BussinessDataManager.Model.MRiskMoneyParallelism,Better.Infrastructures.Log.TrackID)">
            <summary>
            添加风险金对照
            </summary>
            <param name="model">风险金对照model</param>
        </member>
        <member name="T:DemosticTicket.BussinessDataManager.Helper.PlatformAduitReportHelper">
            <summary>
            订单转一审记录
            </summary>
        </member>
        <member name="F:DemosticTicket.BussinessDataManager.Helper.PlatformAduitReportHelper.logBus">
            <summary>
            日志组件
            </summary>
        </member>
        <member name="F:DemosticTicket.BussinessDataManager.Helper.PlatformAduitReportHelper.client">
            <summary>
            本地代理
            </summary>
        </member>
        <member name="F:DemosticTicket.BussinessDataManager.Helper.PlatformAduitReportHelper.endPointAddress">
            <summary>
            endPointAddress
            </summary>
        </member>
        <member name="M:DemosticTicket.BussinessDataManager.Helper.PlatformAduitReportHelper.#cctor">
            <summary>
            构造函数
            </summary>
        </member>
        <member name="M:DemosticTicket.BussinessDataManager.Helper.PlatformAduitReportHelper.AddPlatformAduitReport(DemosticTicket.BussinessDataManager.Model.MPlatformAduitReport,Better.Infrastructures.Log.TrackID)">
            <summary>
            增加订单转一审记录
            </summary>
            <param name="model"></param>
            <param name="trackID"></param>
        </member>
        <member name="F:DemosticTicket.BussinessDataManager.Helper.B2BTicketNoRuleServiceHelper.logBus">
            <summary>
            日志组件业务对象
            </summary>
        </member>
        <member name="F:DemosticTicket.BussinessDataManager.Helper.B2BTicketNoRuleServiceHelper.client">
            <summary>
            航班变动规则设置服务 本地代理
            </summary>
        </member>
        <member name="F:DemosticTicket.BussinessDataManager.Helper.B2BTicketNoRuleServiceHelper.endPointAddress">
            <summary>
            配置节点地址
            </summary>
        </member>
        <member name="M:DemosticTicket.BussinessDataManager.Helper.B2BTicketNoRuleServiceHelper.#cctor">
            <summary>
            城市限制服务调用帮助
            </summary>
        </member>
        <member name="M:DemosticTicket.BussinessDataManager.Helper.B2BTicketNoRuleServiceHelper.Add(DemosticTicket.BussinessDataManager.Model.MB2BTicketNoRuleInfo,Better.Infrastructures.Log.TrackID)">
            <summary>
            新增规则对象
            </summary>
            <param name="ruleInfo">规则对象</param>
            <param name="trackID">跟踪ID</param>
            <returns>操作结果</returns>
        </member>
        <member name="M:DemosticTicket.BussinessDataManager.Helper.B2BTicketNoRuleServiceHelper.Update(DemosticTicket.BussinessDataManager.Model.MB2BTicketNoRuleInfo,Better.Infrastructures.Log.TrackID)">
            <summary>
            根据id更新B2B票号规则
            </summary>
            <param name="ruleInfo">规则对象</param>
            <param name="trackID">跟踪ID</param>
            <returns>操作结果</returns>
        </member>
        <member name="M:DemosticTicket.BussinessDataManager.Helper.B2BTicketNoRuleServiceHelper.Delete(System.String,Better.Infrastructures.Log.TrackID)">
            <summary>
            逻辑删除B2B票号规则
            </summary>
            <param name="ruleID">规则ID</param>
            <param name="trackID">跟踪ID</param>
            <returns>操作结果</returns>
        </member>
        <member name="M:DemosticTicket.BussinessDataManager.Helper.B2BTicketNoRuleServiceHelper.IsExists(System.String,Better.Infrastructures.Log.TrackID)">
            <summary>
            检查某个航司是否存在B2B票号规则
            </summary>
            <param name="carrier">航司编号</param>
            <param name="trackID">跟踪ID</param>
            <returns>是否成功</returns>
        </member>
        <member name="M:DemosticTicket.BussinessDataManager.Helper.B2BTicketNoRuleServiceHelper.GetModel(System.String,Better.Infrastructures.Log.TrackID)">
            <summary>
            获取B2B票号规则对象
            </summary>
            <param name="ruleID">规则ID</param>
            <param name="trackID">跟踪ID</param>
            <returns>部门限制对象</returns>
        </member>
        <member name="T:DemosticTicket.BussinessDataManager.Helper.SuspendReasonDataServiceHelper">
            <summary>
            暂不能理由服务调用辅助类
            </summary>
        </member>
        <member name="F:DemosticTicket.BussinessDataManager.Helper.SuspendReasonDataServiceHelper.logBus">
            <summary>
            日志组件业务对象
            </summary>
        </member>
        <member name="M:DemosticTicket.BussinessDataManager.Helper.SuspendReasonDataServiceHelper.Save(DemosticTicket.BussinessDataManager.Model.MSuspendTicketReason,Better.Infrastructures.Log.TrackID)">
            <summary>
            保存暂不能理由数据
            </summary>
            <param name="model">暂不能理由对象</param>
            <param name="trackID">跟踪ID</param>
            <returns>暂不能理由对象主键</returns>
        </member>
        <member name="M:DemosticTicket.BussinessDataManager.Helper.SuspendReasonDataServiceHelper.GetModel(System.Guid,Better.Infrastructures.Log.TrackID)">
            <summary>
            获取暂不能理由对象
            </summary>
            <param name="id">暂不能理由主键</param>
            <param name="trackID">跟踪ID</param>
            <returns>暂不能理由对象</returns>
        </member>
        <member name="M:DemosticTicket.BussinessDataManager.Helper.SuspendReasonDataServiceHelper.Delete(System.Guid,Better.Infrastructures.Log.TrackID)">
            <summary>
            逻辑删除暂不能理由对象
            </summary>
            <param name="id">暂不能理由主键</param>
            <param name="trackID">跟踪ID</param>
            <returns> true 删除成功 </returns>
        </member>
        <member name="M:DemosticTicket.BussinessDataManager.Helper.SuspendReasonDataServiceHelper.BatchUpdateStatus(System.Collections.Generic.List{System.Guid},System.Int32,Better.Infrastructures.Log.TrackID)">
            <summary>
            批量修改状态
            </summary>
            <param name="ids">暂不能理由主键列表</param>
            <param name="status">理由状态。 0为不可用，1为可用</param>
            <param name="trackID">跟踪ID</param>
            <returns>true 批量更新成功</returns>
        </member>
        <member name="M:DemosticTicket.BussinessDataManager.Helper.SuspendReasonDataServiceHelper.SwapSortID(System.Guid,System.Boolean,Better.Infrastructures.Log.TrackID)">
            <summary>
            顺序上下移。交换相邻两个对象顺序
            </summary>
            <param name="id1">暂不能理由主键1</param>
            <param name="isUpMove">是否上移</param>
            <param name="trackID">跟踪ID</param>
            <returns>true 移动成功</returns>
        </member>
        <member name="M:DemosticTicket.BussinessDataManager.Helper.SuspendReasonDataServiceHelper.UpdateBySuspendTypeID(System.Int32,Better.Infrastructures.Log.TrackID)">
            <summary>
            删除暂不能类型
            </summary>
            <param name="suspendTypeID">是否上移</param>
            <param name="trackID">跟踪ID</param>
            <returns>true 逻辑删除成功</returns>
        </member>
        <member name="T:DemosticTicket.BussinessDataManager.Helper.PNRAuthorizeDataServiceHelper">
            <summary>
            PNRAuthorizeServiceHelper类 
            </summary>
        </member>
        <member name="F:DemosticTicket.BussinessDataManager.Helper.PNRAuthorizeDataServiceHelper.logBus">
            <summary>
            日志组件
            </summary>
        </member>
        <member name="F:DemosticTicket.BussinessDataManager.Helper.PNRAuthorizeDataServiceHelper.client">
            <summary>
            本地代理
            </summary>
        </member>
        <member name="F:DemosticTicket.BussinessDataManager.Helper.PNRAuthorizeDataServiceHelper.endPointAddress">
            <summary>
            endPointAddress
            </summary>
        </member>
        <member name="M:DemosticTicket.BussinessDataManager.Helper.PNRAuthorizeDataServiceHelper.#ctor">
            <summary>
            PNRAuthorizeServiceHelper
            </summary>
        </member>
        <member name="M:DemosticTicket.BussinessDataManager.Helper.PNRAuthorizeDataServiceHelper.AddPNRAuthorize(DemosticTicket.BussinessDataManager.Model.MPNRAuthorize,Better.Infrastructures.Log.TrackID)">
            <summary>
            添加Model
            </summary>
            <param name="pnrAuthorize">MpnrAuthorize</param>
            <param name="trackID">trackID</param>
            <returns>true 成功 false 失败</returns>
        </member>
        <member name="M:DemosticTicket.BussinessDataManager.Helper.PNRAuthorizeDataServiceHelper.UpdatePNRAuthorize(DemosticTicket.BussinessDataManager.Model.MPNRAuthorize,Better.Infrastructures.Log.TrackID)">
            <summary>
            更新PNRAuthorize
            </summary>
            <param name="pnrAuthorize">pnrAuthorize</param>
            <param name="trackID">跟踪ID</param>
            <returns>true 成功 false 失败</returns>
        </member>
        <member name="M:DemosticTicket.BussinessDataManager.Helper.PNRAuthorizeDataServiceHelper.DeletePNRAuthorize(System.String,Better.Infrastructures.Log.TrackID)">
            <summary>
            根据主键删除KeyID
            </summary>
            <param name="keyID">keyID</param>
            <param name="trackID">跟踪ID</param>
            <returns>true 删除成功 false 失败</returns>
        </member>
        <member name="M:DemosticTicket.BussinessDataManager.Helper.PNRAuthorizeDataServiceHelper.Enable(System.String,System.Boolean,Better.Infrastructures.Log.TrackID)">
            <summary>
            启用禁用数据
            </summary>
            <param name="keyID">keyID</param>
            <param name="status">状态 true 为启用</param>
            <param name="trackID">跟踪ID</param>
            <returns>true 操作成功 false 操作失败</returns>
        </member>
        <member name="M:DemosticTicket.BussinessDataManager.Helper.PNRAuthorizeDataServiceHelper.IsExists(System.Int32,System.String,Better.Infrastructures.Log.TrackID)">
            <summary>
            判断该对象是否存在
            </summary>
            <param name="buyerID">buyerID</param>
            <param name="officeNO">officeNO</param>
            <param name="trackID">跟踪ID</param>
            <returns>true 存在 false 失败</returns>
        </member>
        <member name="M:DemosticTicket.BussinessDataManager.Helper.PNRAuthorizeDataServiceHelper.IsPNRAuthorize(System.Int32,System.String,Better.Infrastructures.Log.TrackID)">
            <summary>
            判断是否授权
            </summary>
            <param name="buyerID">采购商ID</param>
            <param name="officeNO">office号</param>
            <param name="trackID">日志ID</param>
            <returns>返回是否授权结果</returns>
        </member>
        <member name="M:DemosticTicket.BussinessDataManager.Helper.PNRAuthorizeDataServiceHelper.GetPNRAuthorize(System.Int32,System.String,Better.Infrastructures.Log.TrackID)">
            <summary>
            获取MPNRAuthorize
            </summary>
            <param name="buyerID">buyerID</param>
            <param name="officeNO">officeNO</param>
            <param name="trackID">trackID</param>
            <returns>MPNRAuthorize对象</returns>
        </member>
        <member name="M:DemosticTicket.BussinessDataManager.Helper.PNRAuthorizeDataServiceHelper.GetPNRAuthorizeByID(System.String,Better.Infrastructures.Log.TrackID)">
            <summary>
            根据ID获取PNRAuthorize对象
            </summary>
            <param name="keyID">主键ID</param>
            <param name="trackID">跟踪ID</param>
            <returns>MPNRAuthorize 对象</returns>
        </member>
        <member name="T:DemosticTicket.BussinessDataManager.Helper.LinkManInfoServiceHelper">
            <summary>
            LinkManInfoServiceHelper类 
            </summary>
        </member>
        <member name="F:DemosticTicket.BussinessDataManager.Helper.LinkManInfoServiceHelper.logBus">
            <summary>
            日志组件
            </summary>
        </member>
        <member name="F:DemosticTicket.BussinessDataManager.Helper.LinkManInfoServiceHelper.client">
            <summary>
            本地代理
            </summary>
        </member>
        <member name="F:DemosticTicket.BussinessDataManager.Helper.LinkManInfoServiceHelper.endPointAddress">
            <summary>
            endPointAddress
            </summary>
        </member>
        <member name="M:DemosticTicket.BussinessDataManager.Helper.LinkManInfoServiceHelper.#cctor">
            <summary>
            CalendarServiceHelper
            </summary>
        </member>
        <member name="M:DemosticTicket.BussinessDataManager.Helper.LinkManInfoServiceHelper.AddLinkManInfo(DemosticTicket.BussinessDataManager.Model.MLinkManInfo,Better.Infrastructures.Log.TrackID)">
            <summary>
            新增联系人信息
            </summary>
            <param name="linkMan">联系人对象</param>
            <param name="trackID">跟踪ID</param>
            <returns>返回联系人</returns>
        </member>
        <member name="M:DemosticTicket.BussinessDataManager.Helper.LinkManInfoServiceHelper.UpdateLinkManInfo(DemosticTicket.BussinessDataManager.Model.MLinkManInfo,Better.Infrastructures.Log.TrackID)">
            <summary>
            修改联系人信息
            </summary>
            <param name="linkMan">联系人对象</param>
            <param name="trackID">跟踪ID</param>
            <returns>返回更新结果</returns>
        </member>
        <member name="M:DemosticTicket.BussinessDataManager.Helper.LinkManInfoServiceHelper.DeleteLinkManInfo(System.String[],Better.Infrastructures.Log.TrackID)">
            <summary>
            删除联系人
            </summary>
            <param name="linkManID">联系人ID集合</param>
            <param name="trackID">跟踪ID</param>
            <returns>返回执行结果</returns>
        </member>
        <member name="M:DemosticTicket.BussinessDataManager.Helper.LinkManInfoServiceHelper.GetDeptCompleteness(System.Int32,System.Int32,Better.Infrastructures.Log.TrackID)">
            <summary>
            获取部门完成度
            </summary>
            <param name="deptID">部门ID</param>
            <param name="deptType">1:平台 2:供应商 3:分销商 4:采购商</param>
            <param name="trackID">跟踪ID</param>
            <returns>返回完成进度【eg:0.30】</returns>
        </member>
        <member name="M:DemosticTicket.BussinessDataManager.Helper.LinkManInfoServiceHelper.GetLinkManInfoByID(System.String,Better.Infrastructures.Log.TrackID)">
            <summary>
            获取单个用户对象信息
            </summary>
            <param name="keyID">主键ID</param>
            <param name="trackID">跟踪ID</param>
            <returns>返回联系用户信息对象【不存在就返回null】</returns>
        </member>
        <member name="M:DemosticTicket.BussinessDataManager.Helper.LinkManInfoServiceHelper.GetDeptUnCompletenessType(System.Int32,System.Int32,Better.Infrastructures.Log.TrackID)">
            <summary>
            获取指定用户为完成类型
            </summary>
            <param name="deptID">部门ID</param>
            <param name="deptType">部门类型【1:平台 2:供应商 3:分销商 4:采购商】</param>
            <param name="trackID">跟踪ID</param>
            <returns>返回未完成类型集合</returns>
        </member>
        <member name="M:DemosticTicket.BussinessDataManager.Helper.LinkManInfoServiceHelper.GetDeptTypeMustLinkType(System.Int32,Better.Infrastructures.Log.TrackID)">
            <summary>
            获取指定部门类型必须的联系类型
            </summary>
            <param name="deptType">部门类型【1:平台 2:供应商 3:分销商 4:采购商】</param>
            <param name="trackID">跟踪ID</param>
            <returns>返回所有必须填写的类型集合</returns>
        </member>
        <member name="T:DemosticTicket.BussinessDataManager.Helper.FlightChangeServiceHelper">
            <summary>
            航变信息Helper类
            </summary>
        </member>
        <member name="F:DemosticTicket.BussinessDataManager.Helper.FlightChangeServiceHelper.client">
            <summary>
            航变服务本地代理
            </summary>
        </member>
        <member name="F:DemosticTicket.BussinessDataManager.Helper.FlightChangeServiceHelper.endPointAddress">
            <summary>
            endPointAddress
            </summary>
        </member>
        <member name="F:DemosticTicket.BussinessDataManager.Helper.FlightChangeServiceHelper.log">
            <summary>
            日志
            </summary>
        </member>
        <member name="M:DemosticTicket.BussinessDataManager.Helper.FlightChangeServiceHelper.#ctor">
            <summary>
            构造函数
            </summary>
        </member>
        <member name="M:DemosticTicket.BussinessDataManager.Helper.FlightChangeServiceHelper.GetFlightChangeDetailInfo(System.String,Better.Infrastructures.Log.TrackID)">
            <summary>
            根据主键来获取一条舱变信息
            </summary>
            <param name="identityCode">唯一码</param>
            <param name="trackId">跟踪ID</param>
            <returns>舱变详细信息对象</returns>
        </member>
        <member name="M:DemosticTicket.BussinessDataManager.Helper.FlightChangeServiceHelper.UpdateFlightChangeDetailInfo(DemosticTicket.BussinessDataManager.Model.FlightChange.FlightChangeDetailInfo,Better.Infrastructures.Log.TrackID)">
            <summary>
            更新航变详细信息相关数据
            </summary>
            <param name="flightcancleDeInfo">fcDeInfo 航变详细信息model</param>
            <param name="trackId">跟踪id</param>
            <returns>返回影响行数</returns>
        </member>
        <member name="M:DemosticTicket.BussinessDataManager.Helper.FlightChangeServiceHelper.AddFlightChangeDetailInfo(DemosticTicket.BussinessDataManager.Model.FlightChange.FlightChangeDetailInfo,Better.Infrastructures.Log.TrackID)">
            <summary>
             添加航变详细信息相关数据
            </summary>
            <param name="flightcancleDeInfo">fcDeInfo 航变详细信息model</param>
            <param name="trackId">跟踪id</param>
            <returns>是否添加成功</returns>
        </member>
        <member name="M:DemosticTicket.BussinessDataManager.Helper.FlightChangeServiceHelper.UpdateFlightTextMessage(DemosticTicket.BussinessDataManager.Model.FlightChange.MFlightTextMessage,Better.Infrastructures.Log.TrackID)">
            <summary>
            更新航变短信数据
            </summary>
            <param name="flightMessage">航变短信model</param>
            <param name="trackId">跟踪id</param>
            <returns>返回影响行数</returns>
        </member>
        <member name="M:DemosticTicket.BussinessDataManager.Helper.FlightChangeServiceHelper.UpdateFlightTextMessageApprovedStatus(DemosticTicket.BussinessDataManager.Model.FlightChange.MFlightTextMessage,DemosticTicket.BussinessDataManager.Model.FlightChange.FlightChangeDetailInfo,Better.Infrastructures.Log.TrackID)">
            <summary>
            更新航变短信审核状态
            </summary>
            <param name="flightMessage">航变短信model</param>
            <param name="fcdInfo">航变信息model</param>
            <param name="trackId">跟踪id</param>
        </member>
        <member name="M:DemosticTicket.BussinessDataManager.Helper.FlightChangeServiceHelper.FlightCheckLock(DemosticTicket.BussinessDataManager.Model.FlightChange.FlightChangeDetailInfo,Better.Infrastructures.Log.TrackID)">
            <summary>
            航变信息检查是否加锁
            </summary>
            <param name="fcdInfo">航变信息Model</param>
            <param name="trackId">跟踪id</param>
            <returns>返回影响行数</returns>
        </member>
        <member name="M:DemosticTicket.BussinessDataManager.Helper.FlightChangeServiceHelper.MessageCheckLock(DemosticTicket.BussinessDataManager.Model.FlightChange.MFlightTextMessage,Better.Infrastructures.Log.TrackID)">
            <summary>
            航变短信检查是否加锁
            </summary>
            <param name="message">航变短信Model</param>
            <param name="trackId">跟踪id</param>
            <returns>返回影响行数</returns>
        </member>
        <member name="M:DemosticTicket.BussinessDataManager.Helper.FlightChangeServiceHelper.FlightCancelLock(System.String,Better.Infrastructures.Log.TrackID)">
            <summary>
            航变信息解锁
            </summary>
            <param name="keyId">主键</param>
            <param name="trackId">跟踪id</param>
            <returns>返回影响行数</returns>
        </member>
        <member name="M:DemosticTicket.BussinessDataManager.Helper.FlightChangeServiceHelper.MessageCancelLock(System.String,Better.Infrastructures.Log.TrackID)">
            <summary>
            航变短信解锁
            </summary>
            <param name="keyId">主键</param>
            <param name="trackId">跟踪id</param>
            <returns>返回影响行数</returns>
        </member>
        <member name="T:DemosticTicket.BussinessDataManager.Helper.TicketInfoServiceHelper">
            <summary>
            机票信息调用类
            </summary>
        </member>
        <member name="F:DemosticTicket.BussinessDataManager.Helper.TicketInfoServiceHelper.logBus">
            <summary>
            日志组件业务对象
            </summary>
        </member>
        <member name="F:DemosticTicket.BussinessDataManager.Helper.TicketInfoServiceHelper.client">
            <summary>
            航班变动规则设置服务 本地代理
            </summary>
        </member>
        <member name="F:DemosticTicket.BussinessDataManager.Helper.TicketInfoServiceHelper.endPointAddress">
            <summary>
            配置节点地址
            </summary>
        </member>
        <member name="M:DemosticTicket.BussinessDataManager.Helper.TicketInfoServiceHelper.#ctor">
            <summary>
            城市限制服务调用帮助
            </summary>
        </member>
        <member name="M:DemosticTicket.BussinessDataManager.Helper.TicketInfoServiceHelper.GetTicketNos(System.Collections.Generic.List{System.String},Better.Infrastructures.Log.TrackID)">
            <summary>
            根据id获取票号
            </summary>
            <param name="lstOrderId">订单号集合</param>
            <param name="trackID">跟踪ID</param>
            <returns>操作结果</returns>
        </member>
        <member name="M:DemosticTicket.BussinessDataManager.Helper.TicketInfoServiceHelper.GetTicketOutType(System.Collections.Generic.List{System.String},Better.Infrastructures.Log.TrackID)">
            <summary>
            根据id获取出票方式
            </summary>
            <param name="lstOrderId">订单号集合</param>
            <param name="trackID">跟踪ID</param>
            <returns>操作结果</returns>
        </member>
        <member name="F:DemosticTicket.BussinessDataManager.Helper.KParamSettingHelper.logBus">
            <summary>
            日志组件业务对象
            </summary>
        </member>
        <member name="F:DemosticTicket.BussinessDataManager.Helper.KParamSettingHelper.client">
            <summary>
            航班变动规则设置服务 本地代理
            </summary>
        </member>
        <member name="F:DemosticTicket.BussinessDataManager.Helper.KParamSettingHelper.endPointAddress">
            <summary>
            配置节点地址
            </summary>
        </member>
        <member name="M:DemosticTicket.BussinessDataManager.Helper.KParamSettingHelper.#cctor">
            <summary>
            平台代退参数设置帮助类
            </summary>
        </member>
        <member name="M:DemosticTicket.BussinessDataManager.Helper.KParamSettingHelper.UpdateKSeatConfigParam(System.Collections.Generic.List{DemosticTicket.BussinessDataManager.Model.MKEMConfig},Better.Infrastructures.Log.TrackID)">
            <summary>
            更新代退配置参数设置（如果设置表中未找到承运人的设置信息则作增加操作，否则作更新操作）
            </summary>
            <param name="modelList">代退参数设置model列表</param>
            <param name="trackID">TrackID</param>
            <returns>成功或者失败（失败包含错误信息），1：成功  0|xx：失败</returns>
        </member>
        <member name="M:DemosticTicket.BussinessDataManager.Helper.KParamSettingHelper.DeleteKSeatConfigParam(System.String,Better.Infrastructures.Log.TrackID)">
            <summary>
            删除代退配置参数设置
            </summary>
            <param name="keyID">主键ID</param>
            <param name="trackID">TrackID</param>
            <returns>是否成功</returns>
        </member>
        <member name="T:DemosticTicket.BussinessDataManager.Helper.Properties.Resources">
            <summary>
              一个强类型的资源类，用于查找本地化的字符串等。
            </summary>
        </member>
        <member name="P:DemosticTicket.BussinessDataManager.Helper.Properties.Resources.ResourceManager">
            <summary>
              返回此类使用的、缓存的 ResourceManager 实例。
            </summary>
        </member>
        <member name="P:DemosticTicket.BussinessDataManager.Helper.Properties.Resources.Culture">
            <summary>
              为所有资源查找重写当前线程的 CurrentUICulture 属性，
              方法是使用此强类型资源类。
            </summary>
        </member>
    </members>
</doc>
