<?xml version="1.0"?>
<doc>
    <assembly>
        <name>DemosticTicket.BussinessDataManager.Contract</name>
    </assembly>
    <members>
        <member name="T:DemosticTicket.BussinessDataManager.Contract.IKEmConfigParamService">
            <summary>
            K位时配置设置服务契约
            </summary>
        </member>
        <member name="M:DemosticTicket.BussinessDataManager.Contract.IKEmConfigParamService.UpdateKSeatConfigParam(System.Collections.Generic.List{DemosticTicket.BussinessDataManager.Model.MKEMConfig},Better.Infrastructures.Log.TrackID)">
            <summary>
            更新代退配置参数设置（如果设置表中未找到承运人的设置信息则作增加操作，否则作更新操作）
            </summary>
            <param name="modelList">代退参数设置model列表</param>
            <param name="trackID">TrackID</param>
            <returns>是否成功</returns>
        </member>
        <member name="M:DemosticTicket.BussinessDataManager.Contract.IKEmConfigParamService.DeleteKSeatConfigParam(System.String,Better.Infrastructures.Log.TrackID)">
            <summary>
            删除代退配置参数设置
            </summary>
            <param name="keyID">主键ID</param>
            <param name="trackID">TrackID</param>
            <returns>是否成功</returns>
        </member>
        <member name="T:DemosticTicket.BussinessDataManager.Contract.IChdTicketSaleSettingService">
            <summary>
            儿童票规则设置服务接口
            </summary>
        </member>
        <member name="M:DemosticTicket.BussinessDataManager.Contract.IChdTicketSaleSettingService.AddChdTicketSaleSetting(DemosticTicket.BussinessDataManager.Model.MChdTicketSaleSetting,Better.Infrastructures.Log.TrackID)">
            <summary>
            新增一条设置
            </summary>
            <param name="model"></param>
        </member>
        <member name="M:DemosticTicket.BussinessDataManager.Contract.IChdTicketSaleSettingService.UpdateChdTicketSaleSetting(DemosticTicket.BussinessDataManager.Model.MChdTicketSaleSetting,Better.Infrastructures.Log.TrackID)">
            <summary>
            修改一条设置
            </summary>
            <param name="model"></param>
        </member>
        <member name="M:DemosticTicket.BussinessDataManager.Contract.IChdTicketSaleSettingService.SetChdTicketSaleSettingEnabled(System.String,System.Boolean,Better.Infrastructures.Log.TrackID)">
            <summary>
            启用或禁用
            </summary>
            <param name="settingId"></param>
            <param name="enabled"></param>
        </member>
        <member name="M:DemosticTicket.BussinessDataManager.Contract.IChdTicketSaleSettingService.IsChdTicketSaleSettingValid(DemosticTicket.BussinessDataManager.Model.MChdTicketSaleSetting,Better.Infrastructures.Log.TrackID)">
            <summary>
            检查是否符合设置的有效性
            </summary>
            <param name="model"></param>
            <returns></returns>
        </member>
        <member name="M:DemosticTicket.BussinessDataManager.Contract.IChdTicketSaleSettingService.GetChdTicketSaleSettingById(System.String,Better.Infrastructures.Log.TrackID)">
            <summary>
            通过规则ID设置获取一个规则实体
            </summary>
            <param name="settingId"></param>
            <param name="trackID"></param>
            <returns></returns>
        </member>
        <member name="T:DemosticTicket.BussinessDataManager.Contract.ITicketInfoService">
            <summary>
            机票信息接口
            </summary>
        </member>
        <member name="M:DemosticTicket.BussinessDataManager.Contract.ITicketInfoService.GetTicketNos(System.Collections.Generic.List{System.String},Better.Infrastructures.Log.TrackID)">
            <summary>
            根据id获取票号
            </summary>
            <param name="lstOrderId">订单集合</param>
            <param name="trackID">跟踪ID</param>
            <returns>票号字典</returns>
        </member>
        <member name="M:DemosticTicket.BussinessDataManager.Contract.ITicketInfoService.GetTicketOutType(System.Collections.Generic.List{System.String},Better.Infrastructures.Log.TrackID)">
            <summary>
            根据id获取出票方式
            </summary>
            <param name="lstOrderId">订单集合</param>
            <param name="trackID">跟踪ID</param>
            <returns>出票方式字典</returns>
        </member>
        <member name="T:DemosticTicket.BussinessDataManager.Contract.ISuspendReasonEtermConfigDataService">
            <summary>
            暂不能理由配置数据管理接口
            </summary>
        </member>
        <member name="M:DemosticTicket.BussinessDataManager.Contract.ISuspendReasonEtermConfigDataService.GetSuspendReasonEtermConfigList(Better.Infrastructures.Log.TrackID)">
            <summary>
            根据处理器ID获取配置信息
            </summary>
            <param name="trackID">跟踪ID</param>
            <returns>配置信息对象列表</returns>
        </member>
        <member name="M:DemosticTicket.BussinessDataManager.Contract.ISuspendReasonEtermConfigDataService.SaveSuspendReasonEtermConfig(System.Collections.Generic.List{DemosticTicket.BussinessDataManager.Model.MSuspendTicketConfig},Better.Infrastructures.Log.TrackID)">
            <summary>
            添加或者保存配置信息
            </summary>
            <param name="list">配置信息列表</param>
            <param name="trackID">跟踪ID</param>
            <returns>true 更新成功</returns>
        </member>
        <member name="T:DemosticTicket.BussinessDataManager.Contract.ISuspendReasonDataService">
            <summary>
            暂不能理由数据管理服务
            </summary>
        </member>
        <member name="M:DemosticTicket.BussinessDataManager.Contract.ISuspendReasonDataService.SaveSuspendReason(DemosticTicket.BussinessDataManager.Model.MSuspendTicketReason,Better.Infrastructures.Log.TrackID)">
            <summary>
            保存暂不能理由数据
            </summary>
            <param name="model">暂不能理由对象</param>
            <param name="trackID">跟踪ID</param>
            <returns>怎不能理由对象主键</returns>
        </member>
        <member name="M:DemosticTicket.BussinessDataManager.Contract.ISuspendReasonDataService.GetSuspendReasonModel(System.Guid,Better.Infrastructures.Log.TrackID)">
            <summary>
            获取暂不能理由对象
            </summary>
            <param name="id">暂不能理由主键</param>
            <param name="trackID">跟踪ID</param>
            <returns>暂不能理由对象数据</returns>
        </member>
        <member name="M:DemosticTicket.BussinessDataManager.Contract.ISuspendReasonDataService.DeleteSuspendReason(System.Guid,Better.Infrastructures.Log.TrackID)">
            <summary>
            逻辑删除暂不能理由对象
            </summary>
            <param name="id">暂不能理由主键</param>
            <param name="trackID">跟踪ID</param>
            <returns>true 删除成功</returns>
        </member>
        <member name="M:DemosticTicket.BussinessDataManager.Contract.ISuspendReasonDataService.BatchUpdateSuspendReasonStatus(System.Collections.Generic.List{System.Guid},System.Int32,Better.Infrastructures.Log.TrackID)">
            <summary>
            批量修改状态
            </summary>
            <param name="ids">暂不能理由主键列表</param>
            <param name="status">理由状态。 0为不可用，1为可用</param>
            <param name="trackID">跟踪ID</param>
            <returns>true 批量更新成功</returns>
        </member>
        <member name="M:DemosticTicket.BussinessDataManager.Contract.ISuspendReasonDataService.SwapSuspendReasonSortID(System.Guid,System.Boolean,Better.Infrastructures.Log.TrackID)">
            <summary>
            顺序上下移。交换相邻两个对象顺序
            </summary>
            <param name="id1">暂不能理由主键1</param>
            <param name="isUpMove">是否上移</param>
            <param name="trackID">跟踪ID</param>
            <returns>true 移动成功</returns>
        </member>
        <member name="M:DemosticTicket.BussinessDataManager.Contract.ISuspendReasonDataService.UpdateBySuspendTypeID(System.Int32,Better.Infrastructures.Log.TrackID)">
            <summary>
            删除暂不能类型
            </summary>
            <param name="suspendTypeID">类型ID</param>
            <param name="trackID">跟踪ID</param>
            <returns>true 逻辑删除成功</returns>
        </member>
        <member name="T:DemosticTicket.BussinessDataManager.Contract.ICityLimitService">
            <summary>
            儿童票规则设置服务接口
            </summary>
        </member>
        <member name="M:DemosticTicket.BussinessDataManager.Contract.ICityLimitService.AddDeptCityLimit(DemosticTicket.BussinessDataManager.Model.MDeptLimit,DemosticTicket.BussinessDataManager.Model.MLimitCity,Better.Infrastructures.Log.TrackID)">
            <summary>
            添加部门设置添加城市限制信息
            </summary>
            <param name="deptLimit">部门设置model</param>
            <param name="limitCity">城市对象</param>
            <param name="trackID">TrackID</param>
            <returns>是否成功</returns>
        </member>
        <member name="M:DemosticTicket.BussinessDataManager.Contract.ICityLimitService.UpdateDeptAddCityLimit(DemosticTicket.BussinessDataManager.Model.MDeptLimit,DemosticTicket.BussinessDataManager.Model.MLimitCity,Better.Infrastructures.Log.TrackID)">
            <summary>
            更新部门设置添加城市限制信息
            </summary>
            <param name="deptLimit">部门设置model</param>
            <param name="limitCity">城市对象</param>
            <param name="trackID">TrackID</param>
            <returns>是否成功</returns>
        </member>
        <member name="M:DemosticTicket.BussinessDataManager.Contract.ICityLimitService.AddCityLimitData(DemosticTicket.BussinessDataManager.Model.MLimitCity,Better.Infrastructures.Log.TrackID)">
            <summary>
            添加城市限制
            </summary>
            <param name="limitCity">城市对象</param>
            <param name="trackID">TrackID</param>
            <returns>是否成功</returns>
        </member>
        <member name="M:DemosticTicket.BussinessDataManager.Contract.ICityLimitService.LogicDeleteLimitData(System.Int32,Better.Infrastructures.Log.TrackID)">
            <summary>
            逻辑删除城市限制信息
            </summary>
            <param name="id">主键ID</param>
            <param name="trackID">TrackID</param>
            <returns>是否成功</returns>
        </member>
        <member name="M:DemosticTicket.BussinessDataManager.Contract.ICityLimitService.GetDeptLimit(System.Int32,Better.Infrastructures.Log.TrackID)">
            <summary>
            获取部门限制设置
            </summary>
            <param name="deptID">部门id</param>
            <param name="trackID">TrackID</param>
            <returns>部门设置信息</returns>
        </member>
        <member name="M:DemosticTicket.BussinessDataManager.Contract.ICityLimitService.GetMlimitCity(System.Int32,Better.Infrastructures.Log.TrackID,System.Int32@)">
            <summary>
            通过部门id从mysql数据库获取受限城市及承运人（政策投放限制使用）
            </summary>
            <param name="deptid">部门id</param>
            <param name="trackID">TrackID</param>
            <param name="limitType">限制类型</param>
            <returns>城市限制对象集合</returns>
        </member>
        <member name="M:DemosticTicket.BussinessDataManager.Contract.ICityLimitService.GetMLimitCityList(System.Int32,Better.Infrastructures.Log.TrackID)">
            <summary>
            获取部门限制设置城市信息
            </summary>
            <param name="deptID">部门id</param>
            <param name="trackID">TrackID</param>
            <returns>城市限制集合</returns>
        </member>
        <member name="T:DemosticTicket.BussinessDataManager.Contract.ICalendarService">
            <summary>
            工作日设置服务接口
            </summary>
        </member>
        <member name="M:DemosticTicket.BussinessDataManager.Contract.ICalendarService.GetYears(Better.Infrastructures.Log.TrackID)">
            <summary>
            获取年份
            </summary>
            <param name="trackID"></param>
            <returns></returns>
        </member>
        <member name="M:DemosticTicket.BussinessDataManager.Contract.ICalendarService.GetYearDates(System.Int32,Better.Infrastructures.Log.TrackID)">
            <summary>
            获取年历
            </summary>
            <param name="year"></param>
            <param name="trackID"></param>
            <returns></returns>
        </member>
        <member name="M:DemosticTicket.BussinessDataManager.Contract.ICalendarService.SetVipWorkDays(System.String[],System.Int32[],Better.Infrastructures.Log.TrackID)">
            <summary>
            设置VIP工作日
            </summary>
            <param name="natureDates"></param>
            <param name="workDays"></param>
            <param name="trackID"></param>
            <returns></returns>
        </member>
        <member name="T:DemosticTicket.BussinessDataManager.Contract.IPlatBizParaService">
            <summary>
            平台业务参数设置接口
            </summary>
        </member>
        <member name="M:DemosticTicket.BussinessDataManager.Contract.IPlatBizParaService.GetParas(System.String,Better.Infrastructures.Log.TrackID)">
            <summary>
            获取业务参数
            </summary>
            <param name="groupFlag">参数组标识</param>
            <param name="trackID">TrackID</param>
            <returns>业务参数(多个)</returns>
        </member>
        <member name="M:DemosticTicket.BussinessDataManager.Contract.IPlatBizParaService.GetPara(System.String,System.String,Better.Infrastructures.Log.TrackID)">
            <summary>
            获取业务参数
            </summary>
            <param name="groupFlag">参数组标识</param>
            <param name="paraFlag">参数标识</param>
            <param name="trackID">TrackID</param>
            <returns>业务参数(单个)</returns>
        </member>
        <member name="M:DemosticTicket.BussinessDataManager.Contract.IPlatBizParaService.UpdateParas(System.Collections.Generic.Dictionary{System.String,DemosticTicket.BussinessDataManager.Model.MPlatBizPara},Better.Infrastructures.Log.TrackID)">
            <summary>
            更新业务参数
            </summary>
            <param name="paras">业务参数</param>
            <param name="trackID">TrackID</param>
            <returns>更新成功</returns>
        </member>
        <member name="M:DemosticTicket.BussinessDataManager.Contract.IPlatBizParaService.AddRiskMoney(DemosticTicket.BussinessDataManager.Model.MRiskMoneyParallelism,Better.Infrastructures.Log.TrackID)">
            <summary>
            添加风险金对照
            </summary>
            <param name="model"></param>
            <param name="trackID"></param>
        </member>
        <member name="T:DemosticTicket.BussinessDataManager.Contract.IDeptParamSettingService">
            <summary>
            IDepttParamSettingService类 
            </summary>
        </member>
        <member name="M:DemosticTicket.BussinessDataManager.Contract.IDeptParamSettingService.InsertDeptParam(DemosticTicket.BussinessDataManager.Model.MDeptParam,Better.Infrastructures.Log.TrackID)">
            <summary>
            供应商上下班变化时插入部门信息
            </summary>
            <param name="model">部门信息</param>
            <param name="trackID">跟踪ID</param>
        </member>
        <member name="T:DemosticTicket.BussinessDataManager.Contract.IBaseAreaService">
            <summary>
            行政规划服务接口
            </summary>
        </member>
        <member name="M:DemosticTicket.BussinessDataManager.Contract.IBaseAreaService.GetProvinces(Better.Infrastructures.Log.TrackID)">
            <summary>
            获取省份
            </summary>
            <param name="model"></param>
        </member>
        <member name="T:DemosticTicket.BussinessDataManager.Contract.IFlightChangeService">
            <summary>
             航变契约接口
            </summary>
        </member>
        <member name="M:DemosticTicket.BussinessDataManager.Contract.IFlightChangeService.GetFlightChangeDetailInfo(System.String,Better.Infrastructures.Log.TrackID)">
            <summary>
            根据识别码来获取一条航变信息
            </summary>
            <param name="strWhere">识别码where条件</param>
            <param name="trackId">跟踪日志ID</param>
            <returns>航变信息对象</returns>
        </member>
        <member name="M:DemosticTicket.BussinessDataManager.Contract.IFlightChangeService.AddFlightChangeDetailInfo(DemosticTicket.BussinessDataManager.Model.FlightChange.FlightChangeDetailInfo,Better.Infrastructures.Log.TrackID)">
            <summary>
             添加航变信息
            </summary>
            <param name="info">航变信息对象</param>
            <param name="trackId">跟踪日志ID</param>
            <returns>是否添加成功</returns>
        </member>
        <member name="M:DemosticTicket.BussinessDataManager.Contract.IFlightChangeService.UpdateFlightChangeDetailInfo(DemosticTicket.BussinessDataManager.Model.FlightChange.FlightChangeDetailInfo,Better.Infrastructures.Log.TrackID)">
            <summary>
            更新航变详细信息相关数据
            </summary>
            <param name="fcdInfo">fcDeInfo 航变详细信息model</param>
            <param name="trackId">跟踪日志ID</param>
            <returns>受影响行数</returns>
        </member>
        <member name="M:DemosticTicket.BussinessDataManager.Contract.IFlightChangeService.UpdateFlightTextMessage(DemosticTicket.BussinessDataManager.Model.FlightChange.MFlightTextMessage,Better.Infrastructures.Log.TrackID)">
            <summary>
            更新航变短信数据
            </summary>
            <param name="flightMessage">航变短信model</param>
            <param name="trackId">跟踪日志ID</param>
            <returns>受影响行数</returns>
        </member>
        <member name="M:DemosticTicket.BussinessDataManager.Contract.IFlightChangeService.UpdateFlightTextMessageApprovedStatus(DemosticTicket.BussinessDataManager.Model.FlightChange.MFlightTextMessage,DemosticTicket.BussinessDataManager.Model.FlightChange.FlightChangeDetailInfo,Better.Infrastructures.Log.TrackID)">
            <summary>
            更新航变短信审核状态
            </summary>
            <param name="flightMessage">航变短信model</param>
            <param name="fcdInfo">航变详细信息model</param>
            <param name="trackId">跟踪日志ID</param>
        </member>
        <member name="M:DemosticTicket.BussinessDataManager.Contract.IFlightChangeService.FlightCheckLock(DemosticTicket.BussinessDataManager.Model.FlightChange.FlightChangeDetailInfo,Better.Infrastructures.Log.TrackID)">
            <summary>
            航变信息检查是否加锁
            </summary>
            <param name="fcdInfo">航变信息Model</param>
            <param name="trackId">跟踪日志ID</param>
            <returns>返回影响行数</returns>
        </member>
        <member name="M:DemosticTicket.BussinessDataManager.Contract.IFlightChangeService.MessageCheckLock(DemosticTicket.BussinessDataManager.Model.FlightChange.MFlightTextMessage,Better.Infrastructures.Log.TrackID)">
            <summary>
            航变短信检查是否加锁
            </summary>
            <param name="message">航变短信Model</param>
            <param name="trackId">跟踪日志ID</param>
            <returns>返回影响行数</returns>
        </member>
        <member name="M:DemosticTicket.BussinessDataManager.Contract.IFlightChangeService.FlightCancelLock(System.String,Better.Infrastructures.Log.TrackID)">
            <summary>
            航变信息解锁
            </summary>
            <param name="keyId">主键</param>
            <param name="trackId">跟踪日志ID</param>
            <returns>返回影响行数</returns>
        </member>
        <member name="M:DemosticTicket.BussinessDataManager.Contract.IFlightChangeService.MessageCancelLock(System.String,Better.Infrastructures.Log.TrackID)">
            <summary>
            航变短信解锁
            </summary>
            <param name="keyId">主键</param>
            <param name="trackId">跟踪日志ID</param>
            <returns>返回影响行数</returns>
        </member>
        <member name="T:DemosticTicket.BussinessDataManager.Contract.IRefundingService">
            <summary>
            退款中操作
            </summary>
        </member>
        <member name="M:DemosticTicket.BussinessDataManager.Contract.IRefundingService.UpdateRuleAndRuleDeptRel(DemosticTicket.BussinessDataManager.Model.MRefundingRule,Better.Infrastructures.Log.TrackID)">
            <summary>
            修改规则
            如果部门为单个，需要对部门规则表进行插入/更新
            </summary>
            <param name="refundingRule">规则信息</param>
            <param name="refundingRuleDeptRel">规则关联的部门信息</param>
            <returns>是否成功</returns>
        </member>
        <member name="M:DemosticTicket.BussinessDataManager.Contract.IRefundingService.GetRuleInfo(System.Int32,Better.Infrastructures.Log.TrackID)">
            <summary>
            根据规则ID获取规则信息
            </summary>
            <param name="ruleID">规则ID</param>
            <returns>规则信息</returns>
        </member>
        <member name="M:DemosticTicket.BussinessDataManager.Contract.IRefundingService.UpdateRule(DemosticTicket.BussinessDataManager.Model.MRefundingRule,Better.Infrastructures.Log.TrackID)">
            <summary>
            更新规则
            </summary>
            <param name="refundingRule">规则信息</param>
            <returns>是否成功</returns>
        </member>
        <member name="M:DemosticTicket.BussinessDataManager.Contract.IRefundingService.GetModelByRuleID(System.Int32,System.Int32,Better.Infrastructures.Log.TrackID)">
            <summary>
            根据规则ID，角色类型获取部门关联信息
            </summary>
            <param name="ruleID">规则ID</param>
            <param name="roleType">角色类型</param>
            <param name="trackID">跟踪码</param>
            <returns>对象</returns>
        </member>
        <member name="T:DemosticTicket.BussinessDataManager.Contract.IPNRAuthorizeDataService">
            <summary>
            IPNRAuthorizeService类 
            </summary>
        </member>
        <member name="M:DemosticTicket.BussinessDataManager.Contract.IPNRAuthorizeDataService.AddPNRAuthorize(DemosticTicket.BussinessDataManager.Model.MPNRAuthorize,Better.Infrastructures.Log.TrackID)">
            <summary>
            添加换编码授权维护信息
            </summary>
            <param name="pnrAuthorize">授权对象</param>
            <param name="trackID">日志ID</param>
            <returns>返回添加更新成功</returns>
        </member>
        <member name="M:DemosticTicket.BussinessDataManager.Contract.IPNRAuthorizeDataService.UpdatePNRAuthorize(DemosticTicket.BussinessDataManager.Model.MPNRAuthorize,Better.Infrastructures.Log.TrackID)">
            <summary>
            更新换编码授权维护信息
            </summary>
            <param name="pnrAuthorize">换编码授权对象</param>
            <param name="trackID">日志ID</param>
            <returns>返回是否更新成功</returns>
        </member>
        <member name="M:DemosticTicket.BussinessDataManager.Contract.IPNRAuthorizeDataService.DeletePNRAuthorize(System.String,Better.Infrastructures.Log.TrackID)">
            <summary>
            删除授权维护信息
            </summary>
            <param name="keyID">ID</param>
            <param name="trackID">日志ID</param>
            <returns>返回删除是否成功</returns>
        </member>
        <member name="M:DemosticTicket.BussinessDataManager.Contract.IPNRAuthorizeDataService.Enable(System.String,System.Boolean,Better.Infrastructures.Log.TrackID)">
            <summary>
            修改是否启用
            </summary>
            <param name="keyID">ID</param>
            <param name="status">状态</param>
            <param name="trackID">日志ID</param>
            <returns>返回修改结果</returns>
        </member>
        <member name="M:DemosticTicket.BussinessDataManager.Contract.IPNRAuthorizeDataService.Exists(System.Int32,System.String,Better.Infrastructures.Log.TrackID)">
            <summary>
            判断是否存在授权维护信息
            </summary>
            <param name="buyerID">采购商ID</param>
            <param name="officeNO">office号</param>
            <param name="trackID">日志ID</param>
            <returns>返回是否存在</returns>
        </member>
        <member name="M:DemosticTicket.BussinessDataManager.Contract.IPNRAuthorizeDataService.IsPNRAuthorize(System.Int32,System.String,Better.Infrastructures.Log.TrackID)">
            <summary>
            判断是否授权
            </summary>
            <param name="buyerID">采购商ID</param>
            <param name="officeNO">office号</param>
            <param name="trackID">日志ID</param>
            <returns>返回是否授权结果</returns>
        </member>
        <member name="M:DemosticTicket.BussinessDataManager.Contract.IPNRAuthorizeDataService.GetPNRAuthorize(System.Int32,System.String,Better.Infrastructures.Log.TrackID)">
            <summary>
            获取授权维护信息对象
            </summary>
            <param name="buyerID">采购商ID</param>
            <param name="officeNO">office号</param>
            <param name="trackID">日志ID</param>
            <returns> 返回授权维护信息对象</returns>
        </member>
        <member name="M:DemosticTicket.BussinessDataManager.Contract.IPNRAuthorizeDataService.GetPNRAuthorizeByID(System.String,Better.Infrastructures.Log.TrackID)">
            <summary>
            根据KeyID获取授权信息对象
            </summary>
            <param name="keyID">ID</param>
            <param name="trackID">日志ID</param>
            <returns>返回授权维护信息对象</returns>
        </member>
        <member name="M:DemosticTicket.BussinessDataManager.Contract.IFlightChangeLockService.GetLocks(System.Collections.Generic.List{System.String},Better.Infrastructures.Log.TrackID)">
            <summary>
            获取锁定列表状态
            </summary>
            <param name="ids">主键id，以","隔开</param>
            <param name="trackId"></param>
            <returns></returns>
        </member>
        <member name="M:DemosticTicket.BussinessDataManager.Contract.IFlightChangeLockService.UpdateLock(DemosticTicket.BussinessDataManager.Model.MFlightChangeLock,Better.Infrastructures.Log.TrackID)">
            <summary>
            更新锁定状态(有数据更新，无数据插入)
            </summary>
            <param name="model">锁定对象</param>
            <param name="trackId"></param>
            <returns></returns>
        </member>
        <member name="T:DemosticTicket.BussinessDataManager.Contract.IPlatformAduitReportService">
            <summary>
            订单转一审记录服务接口
            </summary>
        </member>
        <member name="M:DemosticTicket.BussinessDataManager.Contract.IPlatformAduitReportService.AddPlatformAduitReport(DemosticTicket.BussinessDataManager.Model.MPlatformAduitReport,Better.Infrastructures.Log.TrackID)">
            <summary>
            新增订单转一审记录
            </summary>
            <param name="model"></param>
            <param name="trackID"></param>
        </member>
        <member name="T:DemosticTicket.BussinessDataManager.Contract.IB2BTicketNoRuleService">
            <summary>
            B2B票号规则操作契约接口
            </summary>
        </member>
        <member name="M:DemosticTicket.BussinessDataManager.Contract.IB2BTicketNoRuleService.Add(DemosticTicket.BussinessDataManager.Model.MB2BTicketNoRuleInfo,Better.Infrastructures.Log.TrackID)">
            <summary>
            添加B2B票号规则
            </summary>
            <param name="ruleInfo">规则model</param>
            <param name="trackID">跟踪ID</param>
            <returns>是否成功</returns>
        </member>
        <member name="M:DemosticTicket.BussinessDataManager.Contract.IB2BTicketNoRuleService.Update(DemosticTicket.BussinessDataManager.Model.MB2BTicketNoRuleInfo,Better.Infrastructures.Log.TrackID)">
            <summary>
            根据id更新B2B票号规则
            </summary>
            <param name="ruleInfo">规则model</param>
            <param name="trackID">跟踪ID</param>
            <returns>是否成功</returns>
        </member>
        <member name="M:DemosticTicket.BussinessDataManager.Contract.IB2BTicketNoRuleService.Delete(System.String,Better.Infrastructures.Log.TrackID)">
            <summary>
            逻辑删除B2B票号规则
            </summary>
            <param name="ruleID">规则ID</param>
            <param name="trackID">跟踪ID</param>
            <returns>是否成功</returns>
        </member>
        <member name="M:DemosticTicket.BussinessDataManager.Contract.IB2BTicketNoRuleService.IsExists(System.String,Better.Infrastructures.Log.TrackID)">
            <summary>
            检查某个航司是否存在B2B票号规则
            </summary>
            <param name="carrier">航司编号</param>
            <param name="trackID">跟踪ID</param>
            <returns>是否成功</returns>
        </member>
        <member name="M:DemosticTicket.BussinessDataManager.Contract.IB2BTicketNoRuleService.GetModel(System.String,Better.Infrastructures.Log.TrackID)">
            <summary>
            获取B2B票号规则对象
            </summary>
            <param name="ruleID">规则ID</param>
            <param name="trackID">跟踪ID</param>
            <returns>部门限制对象</returns>
        </member>
        <member name="T:DemosticTicket.BussinessDataManager.Contract.Properties.Resources">
            <summary>
              一个强类型的资源类，用于查找本地化的字符串等。
            </summary>
        </member>
        <member name="P:DemosticTicket.BussinessDataManager.Contract.Properties.Resources.ResourceManager">
            <summary>
              返回此类使用的、缓存的 ResourceManager 实例。
            </summary>
        </member>
        <member name="P:DemosticTicket.BussinessDataManager.Contract.Properties.Resources.Culture">
            <summary>
              为所有资源查找重写当前线程的 CurrentUICulture 属性，
              方法是使用此强类型资源类。
            </summary>
        </member>
        <member name="T:DemosticTicket.BussinessDataManager.Contract.IB2bPNRManagerService">
            <summary>
            存储通过B2B网站生成的PNR编码信息
            </summary>
        </member>
        <member name="M:DemosticTicket.BussinessDataManager.Contract.IB2bPNRManagerService.AddB2bPnrManager(DemosticTicket.BussinessDataManager.Model.MB2bPNRManager,Better.Infrastructures.Log.TrackID)">
            <summary>
            添加PNR编码信息
            </summary>
            <param name="pnr">model</param>
            <param name="trackId">trackId</param>
            <returns>是否成功</returns>
        </member>
        <member name="M:DemosticTicket.BussinessDataManager.Contract.IB2bPNRManagerService.UpdatePnrStatus(System.DateTime,System.String,System.Int32,Better.Infrastructures.Log.TrackID)">
            <summary>
            更新pnr状态
            </summary>
            <param name="createTime">pnr创建时间</param>
            <param name="pnr">大编码</param>
            <param name="status">pnr状态</param>
            <param name="trackId">trackId</param>        
            <returns>是否成功</returns>    
        </member>
        <member name="M:DemosticTicket.BussinessDataManager.Contract.IB2bPNRManagerService.CanclePnr(System.String,System.String,Better.Infrastructures.Log.TrackID)">
            <summary>
            批量取消编码
            </summary>
            <param name="where">更新条件</param>
            <param name="createTime">编码创建时间</param>
            <param name="trackId">trackId</param>
            <returns>是否成功</returns>
        </member>
        <member name="T:DemosticTicket.BussinessDataManager.Contract.IReviewB2BSettingService">
            <summary>
            复核航司设置数据
            </summary>
        </member>
        <member name="M:DemosticTicket.BussinessDataManager.Contract.IReviewB2BSettingService.AddB2BSettingModel(DemosticTicket.BussinessDataManager.Model.MReviewB2BSetting,Better.Infrastructures.Log.TrackID)">
            <summary>
            添加航司信息
            </summary>
            <param name="model">实体对象model</param>
            <param name="trackID">跟踪ID</param>
            <returns>true:添加成功，false:添加失败</returns>
        </member>
        <member name="M:DemosticTicket.BussinessDataManager.Contract.IReviewB2BSettingService.UpdateB2BSettingModel(DemosticTicket.BussinessDataManager.Model.MReviewB2BSetting,Better.Infrastructures.Log.TrackID)">
            <summary>
            修改航司信息
            </summary>
            <param name="model">航司实体对象Model</param>
            <param name="trackID">跟踪ID</param>
            <returns>ture:修改成功，false:修改失败</returns>
        </member>
        <member name="M:DemosticTicket.BussinessDataManager.Contract.IReviewB2BSettingService.UpdateB2BSettingStatus(System.String,System.Int32,Better.Infrastructures.Log.TrackID)">
            <summary>
            修改航司状态
            </summary>
            <param name="keyId">主键ID</param>
            <param name="status">状态：0有效，1无效</param>
            <param name="trackID">跟踪ID</param>
            <returns></returns>
        </member>
        <member name="M:DemosticTicket.BussinessDataManager.Contract.IReviewB2BSettingService.IsExistsB2BSetting(System.String,Better.Infrastructures.Log.TrackID)">
            <summary>
            航司是否存在
            </summary>
            <param name="carrier">航司</param>
            <param name="trackID">跟踪ID</param>
            <returns>true:存在，false:不存在</returns>
        </member>
        <member name="M:DemosticTicket.BussinessDataManager.Contract.IReviewB2BSettingService.GetB2bSettingList(Better.Infrastructures.Log.TrackID)">
            <summary>
            获取所所有航司设置数据
            </summary>
            <returns>返回List数据</returns>
        </member>
        <member name="T:DemosticTicket.BussinessDataManager.Contract.IPtdtGroupSettingService">
            <summary>
            代退组设置接口
            </summary>
        </member>
        <member name="M:DemosticTicket.BussinessDataManager.Contract.IPtdtGroupSettingService.GetPtdtGroup(System.String,Better.Infrastructures.Log.TrackID)">
            <summary>
            获取代退组信息
            </summary>
            <param name="groupID">组ID</param>
            <param name="trackID">TrackID</param>
            <returns>代退组model</returns>
        </member>
        <member name="M:DemosticTicket.BussinessDataManager.Contract.IPtdtGroupSettingService.UpdatePtdtGroup(DemosticTicket.BussinessDataManager.Model.MPtdtGroup,Better.Infrastructures.Log.TrackID)">
            <summary>
            更新代退组信息
            </summary>
            <param name="model">修改后的组信息</param>
            <param name="trackID">TrackID</param>
            <returns>是否更新成功</returns>
        </member>
        <member name="M:DemosticTicket.BussinessDataManager.Contract.IPtdtGroupSettingService.AddPtdtGroup(DemosticTicket.BussinessDataManager.Model.MPtdtGroup,Better.Infrastructures.Log.TrackID)">
            <summary>
            添加代退组信息
            </summary>
            <param name="model">添加的组信息</param>
            <param name="trackID">TrackID</param>
            <returns>返回添加组的GroupID</returns>
        </member>
        <member name="M:DemosticTicket.BussinessDataManager.Contract.IPtdtGroupSettingService.IsGroupNameRepeat(System.String,Better.Infrastructures.Log.TrackID)">
            <summary>
            判断组名是否重复
            </summary>
            <param name="groupName">组名</param>
            <param name="trackID">TrackID</param>
            <returns>组名是否重复</returns>
        </member>
        <member name="M:DemosticTicket.BussinessDataManager.Contract.IPtdtGroupSettingService.GetGroupName(System.String,Better.Infrastructures.Log.TrackID)">
            <summary>
            通过组ID获取组名
            </summary>
            <param name="groupID">组ID</param>
            <param name="trackID">TrackID</param>
            <returns>组名</returns>
        </member>
        <member name="M:DemosticTicket.BussinessDataManager.Contract.IPtdtGroupSettingService.BatchDeleteByGroupID(System.Collections.Generic.List{System.String},Better.Infrastructures.Log.TrackID)">
            <summary>
            通过组ID列表批量删除组信息
            </summary>
            <param name="groupIDList">组ID列表</param>
            <param name="trackID">TrackID</param>
            <returns>是否删除成功</returns>
        </member>
        <member name="M:DemosticTicket.BussinessDataManager.Contract.IPtdtGroupSettingService.UpdateGroupState(System.String,System.Boolean,Better.Infrastructures.Log.TrackID)">
            <summary>
            更新组启用禁用状态
            </summary>
            <param name="groupID">组ID</param>
            <param name="status">启用禁用状态</param>
            <param name="trackID">TrackID</param>
            <returns>是否更新成功</returns>
        </member>
        <member name="M:DemosticTicket.BussinessDataManager.Contract.IPtdtGroupSettingService.GetPtdtGroupExtra(System.String,Better.Infrastructures.Log.TrackID)">
            <summary>
            获取代退组扩展信息
            </summary>
            <param name="groupID">组ID</param>
            <param name="trackID">TrackID</param>
            <returns>代退组扩展信息</returns>
        </member>
        <member name="M:DemosticTicket.BussinessDataManager.Contract.IPtdtGroupSettingService.GetPtdtGroupReason(System.String,Better.Infrastructures.Log.TrackID)">
            <summary>
            获取代退组相关理由信息
            </summary>
            <param name="groupID">组ID</param>
            <param name="trackID">TrackID</param>
            <returns>理由列表信息</returns>
        </member>
        <member name="M:DemosticTicket.BussinessDataManager.Contract.IPtdtGroupSettingService.GetPtdtGroupStatus(System.String,Better.Infrastructures.Log.TrackID)">
            <summary>
            获取代退组相关订单状态信息
            </summary>
            <param name="groupID">组ID</param>
            <param name="trackID">TrackID</param>
            <returns>代退组订单状态信息</returns>
        </member>
        <member name="M:DemosticTicket.BussinessDataManager.Contract.IPtdtGroupSettingService.GetPtdtGroupCarrier(System.String,Better.Infrastructures.Log.TrackID)">
            <summary>
            获取代退组相关承运人信息
            </summary>
            <param name="groupID">组ID</param>
            <param name="trackID">TrackID</param>
            <returns>代退组承运人信息</returns>
        </member>
        <member name="M:DemosticTicket.BussinessDataManager.Contract.IPtdtGroupSettingService.UpdateCarrierInfo(System.String,System.Collections.Generic.List{DemosticTicket.BussinessDataManager.Model.MPtdtGroupCarrier},Better.Infrastructures.Log.TrackID)">
            <summary>
            更新代退组承运人信息
            </summary>
            <param name="groupID">代退组ID</param>
            <param name="carrierList">承运人实体类列表</param>
            <param name="trackID">TrackID</param>
            <returns>是否更新成功</returns>
        </member>
        <member name="M:DemosticTicket.BussinessDataManager.Contract.IPtdtGroupSettingService.UpdatePtdtGroupParamInfo(DemosticTicket.BussinessDataManager.Model.MPtdtGroupExtra,System.Collections.Generic.List{DemosticTicket.BussinessDataManager.Model.MPtdtGroupReason},System.Collections.Generic.List{System.Int32},Better.Infrastructures.Log.TrackID)">
            <summary>
            更新代退组相关参数信息
            </summary>
            <param name="groupExtra">组扩展信息表Model</param>
            <param name="groupReason">组相关理由表Model</param>
            <param name="groupOrderStatus">组相关订单状态ID列表</param>
            <param name="trackID">TrackID</param>
            <returns>是否更新成功</returns>
        </member>
        <member name="M:DemosticTicket.BussinessDataManager.Contract.IPtdtGroupSettingService.AddPtdtGroupParamInfo(DemosticTicket.BussinessDataManager.Model.MPtdtGroupExtra,System.Collections.Generic.List{DemosticTicket.BussinessDataManager.Model.MPtdtGroupReason},System.Collections.Generic.List{System.Int32},Better.Infrastructures.Log.TrackID)">
            <summary>
            插入代退组相关参数信息
            </summary>
            <param name="groupExtra">组扩展信息表Model</param>
            <param name="groupReason">组相关理由表Model</param>
            <param name="groupOrderStatus">组相关订单状态ID列表</param>
            <param name="trackID">TrackID</param>
            <returns>是否添加</returns>
        </member>
        <member name="M:DemosticTicket.BussinessDataManager.Contract.IPtdtGroupSettingService.GetPtdtGroupDeptList(System.String,Better.Infrastructures.Log.TrackID)">
            <summary>
            获取代退组相关部门信息
            </summary>
            <param name="groupID">组ID</param>
            <param name="trackID">TrackID</param>
            <returns>列表信息</returns>
        </member>
        <member name="M:DemosticTicket.BussinessDataManager.Contract.IPtdtGroupSettingService.GetPtdtGroupList(System.String,Better.Infrastructures.Log.TrackID)">
            <summary>
            根据条件获取用户组信息
            </summary>
            <param name="strWhere">条件</param>
            <param name="trackID">TrackID</param>
            <returns>组名</returns>
        </member>
        <member name="M:DemosticTicket.BussinessDataManager.Contract.IPtdtGroupSettingService.BatchDeleteDeptInfo(System.String,System.Collections.Generic.List{System.Int32},Better.Infrastructures.Log.TrackID)">
            <summary>
            删除代退组相关部门信息
            </summary>
            <param name="groupId">组ID</param>
            <param name="deptIds">部门ID列表</param>
            <param name="trackID">TrackID</param>
            <returns>是否删除成功</returns>
        </member>
        <member name="M:DemosticTicket.BussinessDataManager.Contract.IPtdtGroupSettingService.AddPtdtGroupDeptInfo(System.String,System.Collections.Generic.List{System.Int32},System.Collections.Generic.List{DemosticTicket.BussinessDataManager.Model.MPtdtGroupDept},Better.Infrastructures.Log.TrackID)">
            <summary>
            添加代退组相关部门信息
            </summary>
            <param name="groupId">组ID</param>
            <param name="deptIds">部门ID列表</param>
            <param name="listGroupDept">角色类型</param>
            <param name="trackID">TrackID</param>
            <returns>是否添加成功</returns>
        </member>
        <member name="M:DemosticTicket.BussinessDataManager.Contract.IPtdtGroupSettingService.GetVipPoolTempDescList(System.Collections.Generic.List{System.String},Better.Infrastructures.Log.TrackID)">
            <summary>
            根据部门ID返回描述信息
            </summary>
            <param name="deptIDList">DeptIDList部门ID信息</param>
            <param name="trackID">TrackID</param>
            <returns>返回根据部门ID返回描述信息List</returns>
        </member>
        <member name="M:DemosticTicket.BussinessDataManager.Contract.IPtdtGroupSettingService.GetDeptExtraList(System.Collections.Generic.List{System.String},Better.Infrastructures.Log.TrackID)">
             <summary>
            根据部门ID获取销售人信息
             </summary>
             <param name="deptIDList">部门iD</param>
             <param name="trackID">TrackID</param>
             <returns>返回部门List信息</returns>
        </member>
        <member name="M:DemosticTicket.BussinessDataManager.Contract.IPtdtGroupSettingService.GetPurchaserRiskMoneyByDeptId(System.Int32,Better.Infrastructures.Log.TrackID)">
            <summary>
            获取对应部门的风险金，如果部门不存在任何组中返回-1
            </summary>
            <param name="deptId"></param>
            <param name="trackID"></param>
            <returns></returns>
        </member>
        <member name="M:DemosticTicket.BussinessDataManager.Contract.IPtdtGroupSettingService.GetSupplierInfoToBind(System.Collections.Generic.List{DemosticTicket.BussinessDataManager.Model.MBoundSupplierInfo},Better.Infrastructures.Log.TrackID)">
            <summary>
            获取登陆次数和退款专员进行列表后期绑定
            </summary>
            <param name="supplierInfo">只会传入id和账号</param>
            <param name="trackID"></param>
            <returns></returns>
        </member>
        <member name="M:DemosticTicket.BussinessDataManager.Contract.IPtdtGroupSettingService.GetSupplierInfoFromDptByDeptId(System.Int32,Better.Infrastructures.Log.TrackID)">
            <summary>
            根据id获取要添加到供应商表的供应商信息
            </summary>
            <param name="deptId"></param>
            <param name="trackID"></param>
            <returns></returns>
        </member>
        <member name="M:DemosticTicket.BussinessDataManager.Contract.IPtdtGroupSettingService.UpdateOrInsertPtdtGroupSupplier(DemosticTicket.BussinessDataManager.Model.MPtdtGroupSupplier,Better.Infrastructures.Log.TrackID)">
            <summary>
            添加供应到供应代退组
            </summary>
            <param name="groupSupplier"></param>
            <param name="trackID"></param>
        </member>
        <member name="M:DemosticTicket.BussinessDataManager.Contract.IPtdtGroupSettingService.DeletePtdtGroupSupplier(System.String,Better.Infrastructures.Log.TrackID)">
            <summary>
            从代退组移除供应商
            </summary>
            <param name="keyID"></param>
            <param name="trackID"></param>
        </member>
        <member name="M:DemosticTicket.BussinessDataManager.Contract.IPtdtGroupSettingService.GetEnabledGroupModelByGroupType(System.Int32,Better.Infrastructures.Log.TrackID)">
            <summary>
            根据组类型获取可用的组
            </summary>
            <param name="GroupType"></param>
            <param name="trackID"></param>
            <returns></returns>
        </member>
        <member name="T:DemosticTicket.BussinessDataManager.Contract.ILinkManInfoService">
            <summary>
            联系人管理服务类
            </summary>
        </member>
        <member name="M:DemosticTicket.BussinessDataManager.Contract.ILinkManInfoService.AddLinkManInfo(DemosticTicket.BussinessDataManager.Model.MLinkManInfo,Better.Infrastructures.Log.TrackID)">
            <summary>
            新增联系人信息
            </summary>
            <param name="linkMan">联系人对象</param>
            <param name="trackID">跟踪ID</param>
            <returns>返回联系人</returns>
        </member>
        <member name="M:DemosticTicket.BussinessDataManager.Contract.ILinkManInfoService.UpdateLinkManInfo(DemosticTicket.BussinessDataManager.Model.MLinkManInfo,Better.Infrastructures.Log.TrackID)">
            <summary>
            修改联系人信息
            </summary>
            <param name="linkMan">联系人对象</param>
            <param name="trackID">跟踪ID</param>
            <returns>返回更新结果</returns>
        </member>
        <member name="M:DemosticTicket.BussinessDataManager.Contract.ILinkManInfoService.DeleteLinkManInfo(System.String[],Better.Infrastructures.Log.TrackID)">
            <summary>
            禁用联系人
            </summary>
            <param name="linkManID">联系人ID集合</param>
            <param name="trackID">跟踪ID</param>
            <returns>返回执行结果</returns>
        </member>
        <member name="M:DemosticTicket.BussinessDataManager.Contract.ILinkManInfoService.GetDeptCompleteness(System.Int32,System.Int32,Better.Infrastructures.Log.TrackID)">
            <summary>
            获取部门完成度
            </summary>
            <param name="deptID">部门ID</param>
            <param name="deptType">部门类型【1:平台 2:供应商 3:分销商 4:采购商】</param>
            <param name="trackID">跟踪ID</param>
            <returns>返回完成进度【eg:0.30】</returns>
        </member>
        <member name="M:DemosticTicket.BussinessDataManager.Contract.ILinkManInfoService.GetLinkManInfoByID(System.String,Better.Infrastructures.Log.TrackID)">
            <summary>
            获取单个用户对象信息
            </summary>
            <param name="keyID">主键ID</param>
            <param name="trackID">跟踪ID</param>
            <returns>返回联系用户信息对象</returns>
        </member>
        <member name="M:DemosticTicket.BussinessDataManager.Contract.ILinkManInfoService.GetDeptUnCompletenessType(System.Int32,System.Int32,Better.Infrastructures.Log.TrackID)">
            <summary>
            获取指定用户为完成类型
            </summary>
            <param name="deptID">部门ID</param>
            <param name="deptType">部门类型【1:平台 2:供应商 3:分销商 4:采购商】</param>
            <param name="trackID">跟踪ID</param>
            <returns>返回未完成类型集合</returns>
        </member>
        <member name="M:DemosticTicket.BussinessDataManager.Contract.ILinkManInfoService.GetDeptTypeMustLinkType(System.Int32,Better.Infrastructures.Log.TrackID)">
            <summary>
            获取指定部门类型必须的联系类型
            </summary>
            <param name="deptType">部门类型【1:平台 2:供应商 3:分销商 4:采购商】</param>
            <param name="trackID">跟踪ID</param>
            <returns>返回所有必须填写的类型集合</returns>
        </member>
        <member name="T:DemosticTicket.BussinessDataManager.Contract.IReviewFailedSupplierRuleService">
            <summary>
            复核失败返回供应商处理规则契约
            </summary>
        </member>
        <member name="M:DemosticTicket.BussinessDataManager.Contract.IReviewFailedSupplierRuleService.AddFailedReason(DemosticTicket.BussinessDataManager.Model.MReviewFailedToSupplierRule,Better.Infrastructures.Log.TrackID)">
            <summary>
            添加一条数据
            </summary>
            <param name="model"></param>
            <returns></returns>
        </member>
        <member name="M:DemosticTicket.BussinessDataManager.Contract.IReviewFailedSupplierRuleService.UpdateFailedReason(DemosticTicket.BussinessDataManager.Model.MReviewFailedToSupplierRule,Better.Infrastructures.Log.TrackID)">
            <summary>
            更新理由
            </summary>
            <param name="failedReason"></param>
            <param name="staffId"></param>
            <param name="staffName"></param>
            <param name="keyId"></param>
            <returns></returns>
        </member>
        <member name="M:DemosticTicket.BussinessDataManager.Contract.IReviewFailedSupplierRuleService.UpdateStatus(System.String,System.Int32,Better.Infrastructures.Log.TrackID)">
            <summary>
            更新状态
            </summary>
            <param name="keyId"></param>
            <param name="isDelete"></param>
            <returns></returns>
        </member>
        <member name="M:DemosticTicket.BussinessDataManager.Contract.IReviewFailedSupplierRuleService.GetList(Better.Infrastructures.Log.TrackID)">
            <summary>
            获取列表
            </summary>
            <returns></returns>
        </member>
        <member name="M:DemosticTicket.BussinessDataManager.Contract.IReviewFailedSupplierRuleService.InsertAutoReviewFailedReason(System.String,System.String,Better.Infrastructures.Log.TrackID)">
            <summary>
            记录自动复核失败理由
            </summary>
            <param name="orderId">订单编号</param>
            <param name="reason">原因</param>
            <param name="trackId">trackId</param>
            <returns>返回影响行数</returns>
        </member>
        <member name="M:DemosticTicket.BussinessDataManager.Contract.IReviewFailedSupplierRuleService.UpdateAutoReviewFailedReason(System.String,System.String,Better.Infrastructures.Log.TrackID)">
            <summary>
            更新自动复核失败理由
            </summary>
            <param name="orderId">订单编号</param>
            <param name="reason">原因</param>
            <param name="trackId">trackId</param>
            <returns>返回影结果</returns>
        </member>
        <member name="T:DemosticTicket.BussinessDataManager.Contract.IPtdtParamSettingService">
            <summary>
            代退组配置信息设置服务接口
            </summary>
        </member>
        <member name="M:DemosticTicket.BussinessDataManager.Contract.IPtdtParamSettingService.UpdateConfigParam(System.Collections.Generic.List{DemosticTicket.BussinessDataManager.Model.MPtdtEMConfig},Better.Infrastructures.Log.TrackID)">
            <summary>
            更新代退配置参数设置（如果设置表中未找到承运人的设置信息则作增加操作，否则作更新操作）
            </summary>
            <param name="modelList">代退参数设置model列表</param>
            <param name="trackID">TrackID</param>
            <returns>是否成功</returns>
        </member>
        <member name="M:DemosticTicket.BussinessDataManager.Contract.IPtdtParamSettingService.DeleteConfigParam(System.String,Better.Infrastructures.Log.TrackID)">
            <summary>
            删除代退配置参数设置
            </summary>
            <param name="keyID">主键ID</param>
            <param name="trackID">TrackID</param>
            <returns>是否成功</returns>
        </member>
        <member name="M:DemosticTicket.BussinessDataManager.Contract.IPtdtParamSettingService.UpdateUpLimitReturnBalance(System.Decimal,Better.Infrastructures.Log.TrackID)">
            <summary>
            更新代退上限金额同时用提交读的方式实时计算更新瞬间的余额返回
            </summary>
            <param name="newTopLimit">新上限金额</param>
            <param name="trackID">TrackID</param>
            <returns>余额</returns>
        </member>
    </members>
</doc>
