<?xml version="1.0"?>
<doc>
    <assembly>
        <name>EtermHelper</name>
    </assembly>
    <members>
        <member name="T:EtermHelper.EtermServiceHelper">
            <summary>
            配置调度服务helper类
            </summary>
        </member>
        <member name="F:EtermHelper.EtermServiceHelper.logBus">
            <summary>
            日志组件业务对象
            </summary>
        </member>
        <member name="F:EtermHelper.EtermServiceHelper.client">
            <summary>
            配置调度服务本地代理
            </summary>
        </member>
        <member name="F:EtermHelper.EtermServiceHelper.endPointAddress">
            <summary>
            终节点地址
            </summary>
        </member>
        <member name="M:EtermHelper.EtermServiceHelper.IsPlatePnr(System.String,System.DateTime,System.String,System.String@,System.String@,System.Int32@,System.Int32@,Better.Infrastructures.Log.TrackID)">
            <summary>
            判断是否是平台pnr
            </summary>
            <param name="pnr">PNR编码</param>
            <param name="bookTime">编码预定时间(来源于订单)</param>
            <param name="orderOffice">订单office号(来源于订单)</param>
            <param name="officeCode">预定的office号</param>
            <param name="creator">编码预定用户</param>
            <param name="departmentId">office所属部门ID</param>
            <param name="pnrOfficeSource">pnrOffice的来源（0 PnrManager表|1 officestatus表）</param>
            <param name="trackId">日志ID</param>
            <returns></returns>
        </member>
        <member name="M:EtermHelper.EtermServiceHelper.IsPlatePnr(System.String,System.DateTime,System.String,System.String@,System.String@,System.Int32@,System.Int32@,System.String@,Better.Infrastructures.Log.TrackID)">
            <summary>
            判断是否是平台pnr
            </summary>
            <param name="pnr">PNR编码</param>
            <param name="bookTime">编码预定时间(来源于订单)</param>
            <param name="orderOffice">订单office号(来源于订单)</param>
            <param name="officeCode">预定的office号</param>
            <param name="creator">编码预定用户</param>
            <param name="departmentId">office所属部门ID</param>
            <param name="pnrOfficeSource">pnrOffice的来源（0 PnrManager表|1 officestatus表）</param>
            <param name="hangban">航班号</param>
            <param name="trackId">日志ID</param>
            <returns></returns>
        </member>
        <member name="M:EtermHelper.EtermServiceHelper.AutoAuthPlatePnr(System.String,System.String,System.Int32,System.String,System.String,System.String,System.Int32,System.Int32,System.String@,Better.Infrastructures.Log.TrackID)">
            <summary>
            对平台编码自动授权
            </summary>
            <param name="pnr"></param>
            <param name="pnrOffice"></param>
            <param name="pnrOfficeSource"></param>
            <param name="authedOffice"></param>
            <param name="carrierCode"></param>
            <param name="staffId"></param>
            <param name="deptId"></param>
            <param name="coreDeptId"></param>
            <param name="describe"></param>
            <param name="trackId"></param>
            <returns></returns>
        </member>
        <member name="M:EtermHelper.EtermServiceHelper.AuthorizeOfficeForInterfaceUser(System.Int32,System.String,System.String,System.String,System.String,Better.Infrastructures.Log.TrackID)">
            <summary>
            接口用户授权
            </summary>
            <param name="deptId">采购部门ID</param>
            <param name="pnr">授权PNR</param>
            <param name="buyerOfficeCode">采购OfficeCode</param>
            <param name="policyOfficeCode">待授权OfficeCode</param>
            <param name="buyerStaffId">采购ID</param>
            <param name="trackID">跟踪ID</param>
            <returns>string 返回结果</returns>
        </member>
        <member name="M:EtermHelper.EtermServiceHelper.AuthOfficeForInterfaceUser(System.Int32,System.String,System.String,System.String,System.String,Better.Infrastructures.Log.TrackID)">
            <summary>
            接口用户授权  V0526 add by chenxy
            </summary>
            <param name="deptId">采购部门ID</param>
            <param name="pnr">授权PNR</param>
            <param name="buyerOfficeCode">采购OfficeCode</param>
            <param name="policyOfficeCode">待授权OfficeCode</param>
            <param name="buyerStaffId">采购ID</param>
            <param name="trackId">跟踪ID</param>
            <returns>授权结果对象</returns>
        </member>
        <member name="M:EtermHelper.EtermServiceHelper.ValidateAuthPnr(System.String,System.String,Better.Infrastructures.Log.TrackID)">
            <summary>
            验证是否对指定office号授权
            </summary>
            <param name="pnr"></param>
            <param name="officeCode"></param>
            <param name="trackId"></param>
            <returns></returns>
        </member>
        <member name="M:EtermHelper.EtermServiceHelper.GetKPnrInfo(System.String,System.String,System.String,Better.Infrastructures.Log.TrackID)">
            <summary>
            获取K位Pnr信息
            </summary>
            <param name="carrierCode">承运人编码</param>
            <param name="pnrCode">pnr编码</param>
            <param name="staffId">操作ID</param>
            <param name="trackId">日志跟踪对象</param>
            <returns></returns>
        </member>
        <member name="M:EtermHelper.EtermServiceHelper.KBook(Better.CommandAnalysis.Model.PNRContentInfo,System.String,System.Int32,System.Int32,Better.Infrastructures.Log.TrackID)">
            <summary>
            申请K位
            </summary>
            <param name="pnr">pnr原始对象</param>
            <param name="staffId">操作ID</param>
            <param name="departmentID">部门ID</param>
            <param name="coreDepartmentID">核心部门ID</param>
            <param name="trackId">日志跟踪对象</param>
            <returns>PNR内容对象</returns>
        </member>
        <member name="M:EtermHelper.EtermServiceHelper.GetFileInfo(System.String)">
            <summary>
            根据文件名，获取该服务的配置文件详细信息
            </summary>
            <param name="fullFileName">文件路径</param>
            <returns>返回文件</returns>
        </member>
        <member name="M:EtermHelper.EtermServiceHelper.GetDllVersions">
            <summary>
            获取公用bin文件夹下的DLL版本
            <param name="trackID">日志对象</param>
            </summary>
            <returns>DLL版本</returns>
        </member>
        <member name="M:EtermHelper.EtermServiceHelper.GetTicketInfo(System.String,System.String,Better.CommandAnalysis.TicketNumParm,Better.Infrastructures.Log.TrackID)">
            <summary>
            提取票号信息 通过B系统
            </summary>
            <param name="tickNo">票号</param>
            <param name="airCode">承运人</param>
            <param name="type">获取票号指令参数</param>
            <param name="trackID">跟踪ID</param>
            <returns>票号信息</returns>
        </member>
        <member name="M:EtermHelper.EtermServiceHelper.RemarkOsiSpace(System.String,System.Collections.Generic.Dictionary{System.String,System.Object},Better.Infrastructures.Log.TrackID)">
             <summary>
             暂不能备注仓位
             </summary>
             <param name="bigPnr">大编码</param>
            <param name="param">订单相关参数如：部门ID等</param>
             <param name="trackID">日志跟踪ID</param>
        </member>
        <member name="M:EtermHelper.EtermServiceHelper.CancelSeatsNew(System.String,System.Collections.Generic.List{System.String},System.String,System.Int32,System.Int32,Better.Infrastructures.Log.TrackID)">
            <summary>
            取消座位(v242 新逻辑)
            </summary>
            <param name="pnrCode">pnr编码</param>
            <param name="names">所有乘客姓名 张三,8881234567890|李四|王五,8880987654321(无票号即需要取消)</param>
            <param name="staffId">员工id</param>
            <param name="deptId">部门id</param>
            <param name="coreDeptId">核心部门id</param>
            <param name="trackId">跟踪ID</param>
            <returns>返回参数</returns>
        </member>
        <member name="M:EtermHelper.EtermServiceHelper.RRSeatRt(System.String,System.String,System.String,System.String,System.String,System.Int32,System.Int32,System.String@,System.Int32@,Better.Infrastructures.Log.TrackID)">
            <summary>
             RR位获取PNR内容
            </summary>
            <param name="pnrCode">pnr编码 </param>
            <param name="officeCode">office号</param>
            <param name="carrierCode">承运人</param>
            <param name="passenger">乘机人</param>
            <param name="staffId">登陆ID</param>
            <param name="deptId">部门ID</param>
            <param name="coreDeptId">核心部门ID</param>
            <param name="pnrContent">pnr内容</param>
            <param name="trackId">日志跟踪ID</param>
            <returns>航段信息集合</returns>
        </member>
        <member name="M:EtermHelper.EtermServiceHelper.RRSeat(System.String,System.String,System.String,System.Int32,System.Int32,System.String,System.Collections.Generic.List{Better.CommandAnalysis.Model.VoyageInfo},System.Int32,Better.Infrastructures.Log.TrackID)">
            <summary>
             RR位
            </summary>
            <param name="pnrCode">pnr编码</param>
            <param name="officeCode">office号</param>
            <param name="carrierCode">承运人</param>
            <param name="staffId">登陆ID</param>
            <param name="deptId">部门ID</param>
            <param name="coreDeptId">核心部门ID</param>
            <param name="pnrContent">pnr内容</param>
            <param name="voyages">航段信息对象集合</param>
            <param name="trackId">日志跟踪ID</param>
            <returns>是否RR成功</returns>
        </member>
        <member name="M:EtermHelper.EtermServiceHelper.GetInvalidCancelTime(System.String,System.Int32,System.String,System.String,Better.Infrastructures.Log.TrackID)">
            <summary>
            废票取位时间获取  V262 废票异常添加
            </summary>
            <param name="pnrCode">PNR编码</param>
            <param name="trackId">跟踪ID</param>
            <param name="policyDepartmentID">政策供应商ID</param>
            <param name="carryCode">承运人</param>
            <param name="passgerNames">取位申请人员列表</param>
            <returns>返回构造参数</returns>
        </member>
        <member name="M:EtermHelper.EtermServiceHelper.ConvertBPNR(System.String,System.String,System.DateTime,System.Int32,System.Int32,System.String,System.String@,Better.Infrastructures.Log.TrackID)">
            <summary>
            大编码转小编吗 V241
            </summary>
            <param name="bigPnr">大编码</param>
            <param name="scheduledFlight">航班号</param>
            <param name="takeoffTime">起飞时间</param>
            <param name="deptId">部门ID</param>
            <param name="coreDeptId">核心部门ID</param>
            <param name="staffId">员工ID</param>
            <param name="strCmd">传出参数</param>
            <param name="trackId">跟踪日志ID</param>
            <returns>返回小编码</returns>
        </member>
        <member name="M:EtermHelper.EtermServiceHelper.GetNoSeatTime(System.String,System.Int32,System.Int32,System.String,System.String@,Better.Infrastructures.Log.TrackID)">
            <summary>
            获取NO位时间 V241
            </summary>
            <param name="pnrCode">pnr编码</param>
            <param name="deptId">部门ID</param>
            <param name="coreDeptId">核心部门ID</param>
            <param name="staffId">员工ID</param>
            <param name="trackId">跟踪日志ID</param>
            <returns>返回NO位时间集合</returns>
        </member>
        <member name="M:EtermHelper.EtermServiceHelper.RemarkOsiSpaceEx(System.String,System.String,System.String,System.Int32,System.Int32,System.String,System.String@,Better.Infrastructures.Log.TrackID)">
            <summary>
            备注A仓信息 V241
            </summary>
            <param name="bigPnr">大编码</param>
            <param name="carrierCode">承运人</param>
            <param name="space">仓位</param>
            <param name="deptId">部门ID</param>
            <param name="coreDeptId">核心部门ID</param>
            <param name="staffId">员工ID</param>
            <param name="strCmd">传出参数</param>
            <param name="trackId">跟踪日志ID</param>
            <returns>操作是否成功</returns>
        </member>
        <member name="M:EtermHelper.EtermServiceHelper.RemarkAdultTicktNo(System.String,System.String,System.String,System.Int32,System.Int32,System.String,System.String@,Better.Infrastructures.Log.TrackID)">
            <summary>
            备注成人信息 V241
            </summary>
            <param name="bigPnr">大编码</param>
            <param name="carrierCode">承运人</param>
            <param name="remarkInfo">备注信息</param>
            <param name="deptId">部门ID</param>
            <param name="coreDeptId">核心部门ID</param>
            <param name="staffId">员工ID</param>
            <param name="strCmd">传出参数</param>
            <param name="trackId">跟踪日志ID</param>
            <returns>操作是否成功</returns>
        </member>
        <member name="M:EtermHelper.EtermServiceHelper.GetContentFromPNR(System.String,System.String,Better.Infrastructures.Log.TrackID)">
            <summary>
            获取PNR内容
            </summary>
            <param name="pnrCode">PNR编码</param>
            <param name="type">传0</param>
            <param name="trackID">跟踪日志ID</param>
            <returns>PNR对象</returns>
        </member>
        <member name="M:EtermHelper.EtermServiceHelper.RemarkMobileNo(System.String,System.String,System.String,System.Int32,System.Int32,System.Int32,System.Int32,System.String,System.String@,Better.Infrastructures.Log.TrackID)">
            <summary>
            备注手机号码 V264
            </summary>
            <param name="bigPnr">大编码</param>
            <param name="airway">航空公司编码</param>
            <param name="mobile">手机号/座机号</param>
            <param name="mobileType">号码类型（0手机号|1座机号</param>
            <param name="passengerCount">人数</param>
            <param name="deptId">部门ID</param>
            <param name="coreDeptId">核心部门ID</param>
            <param name="staffId">员工ID</param>
            <param name="strCmd">返回指令</param>
            <param name="trackId">跟踪日志ID</param>
            <returns>返回备注是否成功</returns>
        </member>
        <member name="M:EtermHelper.EtermServiceHelper.GetPriceByPat(Better.CommandAnalysis.Model.PNRContentInfo,System.Int32,System.Int32,System.String,Better.Infrastructures.Log.TrackID)">
            <summary>
            获取运价 V264
            </summary>
            <param name="pnrModel">PNR对象（由订单对象转换）</param>
            <param name="deptId">部门ID</param>
            <param name="coreDeptId">核心部门ID</param>
            <param name="staffId">员工ID</param>
            <param name="trackId">跟踪日志ID</param>
            <returns>返回运价</returns>
        </member>
        <member name="M:EtermHelper.EtermServiceHelper.CancelPriceItem(System.String,System.Int32,System.Int32,System.String,System.String@,Better.Infrastructures.Log.TrackID)">
            <summary>
            取消价格项 V264
            </summary>
            <param name="bigPnr">大编码</param>
            <param name="deptId">部门ID</param>
            <param name="coreDeptId">核心部门ID</param>
            <param name="staffId">员工ID</param>
            <param name="strCmd">返回解析到的价格项，用于记录日志</param>
            <param name="trackId">跟踪日志ID</param>
            <returns>返回是否成功</returns>
        </member>
        <member name="M:EtermHelper.EtermServiceHelper.WebRRSeat(System.String,System.String,System.String,System.String,System.Int32,System.Int32,System.String,System.Collections.Generic.List{Better.CommandAnalysis.Model.VoyageInfo},Better.Infrastructures.Log.TrackID)">
            <summary>
            白屏RR位
            </summary>
            <param name="pnrCode">编码</param>
            <param name="officeCode">office号</param>
            <param name="passenger">乘机人姓名</param>
            <param name="staffId">员工ID</param>
            <param name="deptId">部门ID</param>
            <param name="coreDeptId">核心部门ID</param>
            <param name="carrierCode">承运人</param>
            <param name="voyages">voyages</param>
            <param name="trackId">跟踪日志ID</param>
            <returns>返回是否成功</returns>
        </member>
        <member name="M:EtermHelper.EtermServiceHelper.FillSeat(System.String,System.String,System.String,System.Boolean,System.String,Better.Infrastructures.Log.TrackID)">
            <summary>
            获取补位结果 v310 add 
            </summary>
            <param name="pnrCode">小编码</param>
            <param name="bigPnr">大编码</param>
            <param name="orderOffice">订单office号</param>
            <param name="isPtPnr">是否是平台PNR</param>
            <param name="carrierCode">航空公司</param>
            <param name="trackId">跟踪ID</param>
            <returns>补位结果</returns>
        </member>
    </members>
</doc>
